1;2
Triticum aestivum;Früchte enthalten viel Stärke
Zea mays;enthält Stärke (in Früchten)
Triticum aestivum;enthält Stärke (in Früchten)
Zea mays;Früchte enthalten viel Stärke
Solanum tuberosum;Sprossknollen enthalten viel Stärke
Solanum tuberosum;enthält Stärke (in Sprossknollen)
Chelidonium majus;giftige Pflanze
Solanum tuberosum;giftige Pflanze
Chelidonium majus;giftig
Solanum tuberosum;giftig
Papaveraceae;wichtige Inhaltsstoffe gehören zur Gruppe der Alkaloide
Solanaceae;wichtige Inhaltsstoffe gehören zur Gruppe der Alkaloide
Papaveraceae;Hauptinhaltsstoffe gehören zur Gruppe der Alkaloide
Solanaceae;Hauptinhaltsstoffe gehören zur Gruppe der Alkaloide
Lamiaceae;wichtige Inhaltsstoffe gehören zur Gruppe der ätherischen Öle
Lamiaceae;Hauptinhaltsstoffe gehören zur Gruppe der ätherischen Öle
Humulus lupulus;wichtige Inhaltsstoffe gehören zur Gruppe der Hopfenbitterstoffe
Humulus lupulus;Hauptinhaltsstoffe gehören zur Gruppe der Hopfenbitterstoffe/Bittersäuren
Zea mays;offizinell (im Europäischen/Schweizerischen Arzneibuch aufgeführt)
Fabaceae;Samen werden als Nahrungsmittel verwendet
Colchicum autumnale;stark giftige Pflanze
Colchicum autumnale;stark giftig
Atropa belladonna;stark giftig, Vergiftung erfolgt i.d.R. durch Beeren
Atropa belladonna;stark giftig, Vergiftung erfolgt meistens durch Beeren
Artemisia absinthium;Absinthii herba
Artemisia absinthium;Absinthschnaps und Liköre sind durch den hohen Thujongehalt gesundheitsschädlich
Solanum tuberosum;Absorptionsmittel
Triticum aestivum;Absorptionsmittel
Potentilla erecta;Adstringens
Quercus petraea;Adstringens
Quercus pubescens;Adstringens
Quercus robur;Adstringens
Vaccinium myrtillus;Adstringens
Alchemilla vulgaris;Adstringens bei Blutungen (durch Gerbwirkung blutstillend)
Alchemilla vulgaris;Alchemillae herba
Abies alba;als Badezusatz
Picea abies;als Badezusatz
Abies alba;als Einreibemittel
Picea abies;als Einreibemittel
Arnica montana;als Herztonikum (stärkend bei Schwächezuständen des Herzens)
Achillea millefolium;Amarum zur Appetitanregung
Artemisia absinthium;Amarum zur Appetitanregung
Artemisia vulgaris;Amarum zur Appetitanregung
Gentiana lutea;Amarum zur Appetitanregung
Gentiana punctata;Amarum zur Appetitanregung
Gentiana purpurea;Amarum zur Appetitanregung
Humulus lupulus;Amarum zur Appetitanregung
Arnica montana;Analeptikum (anregende Wirkung auf das Zentralnervensystem)
Hypericum perforatum;angstlösend bei Angstzuständen
Valeriana officinalis;angstlösend bei Angstzuständen
Vinca minor;angstlösend bei Angstzuständen
Artemisia vulgaris;Anthelminticum (bei Wurmbefall)
Hypericum perforatum;Antidepressivum (Therapeutikum bei Depression)
Potentilla erecta;Antidiarrhoikum (bei Durchfällen)
Vaccinium myrtillus;Antidiarrhoikum (bei Durchfällen)
Pinus mugo;Antiseptikum (Vermehrungsfähigkeit von Bakterien hemmend)
Arnica montana;Arnicae flos cum receptaculo
Artemisia vulgaris;Artemisiae herba
Larix decidua;Arthritis
Pinus mugo;Äste werden medizinisch verwendet
Larix decidua;Balsam wird medizinisch verwendet
Pinus cembra;Balsam wird medizinisch verwendet
Pinus sylvestris;Balsam wird medizinisch verwendet
Juniperus communis;Beerenzapfen als Gewürz
Juniperus communis;Beerenzapfen werden medizinisch verwendet
Viola arvensis;bei Akne desinfizierend und entzündungshemmend
Viola tricolor;bei Akne desinfizierend und entzündungshemmend
Crataegus monogyna;bei Altersherzen
Frangula alnus;bei Analfissuren (Haut-, Schleimhautriss der Aftergegend) heilend
Malva neglecta;bei Angina (Mandel- und Rachenentzündungen) adstringierend
Malva sylvestris;bei Angina (Mandel- und Rachenentzündungen) adstringierend
Crataegus monogyna;"bei Arteriosklerose (Veränderung der Gefässwände in den Arterien, ""Verkalkung"")"
Arnica montana;bei Arthralgien (Gelenkschmerzen) schmerzlindernd
Atropa belladonna;bei Asthma bronchiale (Atemnot durch Schleimabsonderung und krampfartigem Zusammenziehen der Bronchiolen)
Datura stramonium;bei Asthma bronchiale (Atemnot durch Schleimabsonderung und krampfartigem Zusammenziehen der Bronchiolen)
Crataegus monogyna;bei beginnender Herzinsuffizienz
Agropyron repens;bei Blasensteinleiden
Artemisia absinthium;bei Blutarmut
Pinus mugo;bei Bronchitis
Colchicum autumnale;bei Cancerosen der Haut (Hautkrebs)
Colchicum autumnale;bei chronisch myelotischer Leukämie
Agropyron repens;bei chronischen Hautentzündungen
Plantago lanceolata;bei Colon irritabile (funktionelle Störung des Dickdarms: Schmerzen, Völlegefühl, Blähungen, Rumoren, Durchfall/Verstopfung)
Agropyron repens;bei Cystitis (Blasenentzündung)
Arctostaphylos uva-ursi;bei Cystitis (Blasenentzündung)
Betula pendula;bei Cystitis (Blasenentzündung)
Betula pubescens;bei Cystitis (Blasenentzündung)
Equisetum arvense;bei Cystitis (Blasenentzündung)
Humulus lupulus;bei Cystitis (Blasenentzündung)
Zea mays;bei Cystitis (Blasenentzündung)
Matricaria recutita;bei Dermatitis (Hautentzündungen)
Vaccinium myrtillus;bei Diabetes mellitus
Vaccinium myrtillus;bei diabetischer Retinopathie
Alchemilla vulgaris;bei Diarrhö (Durchfälle)
Quercus petraea;bei Diarrhö (Durchfälle)
Quercus pubescens;bei Diarrhö (Durchfälle)
Quercus robur;bei Diarrhö (Durchfälle)
Arnica montana;"bei Distorsion (""geschlossene"" Gelenkverletzung mit Bänderüberdehnung und/oder -riss)"
Potentilla erecta;bei Dysenterie (blutig-schleimiger Stuhlgang durch entzündliche Erkrankung des Dickdarms)
Chelidonium majus;bei Dysmenorrhö (Monatsblutung mit krampfartigen Unterleibsschmerzen)
Achillea millefolium;bei dyspeptischen Beschwerden (Verdaungsbeschwerden mit Durchfällen, Blähungen, Schmerzen)
Artemisia absinthium;bei dyspeptischen Beschwerden (Verdaungsbeschwerden mit Durchfällen, Blähungen, Schmerzen)
Artemisia vulgaris;bei dyspeptischen Beschwerden (Verdaungsbeschwerden mit Durchfällen, Blähungen, Schmerzen)
Carum carvi;bei dyspeptischen Beschwerden (Verdaungsbeschwerden mit Durchfällen, Blähungen, Schmerzen)
Gentiana lutea;bei dyspeptischen Beschwerden (Verdaungsbeschwerden mit Durchfällen, Blähungen, Schmerzen)
Gentiana punctata;bei dyspeptischen Beschwerden (Verdaungsbeschwerden mit Durchfällen, Blähungen, Schmerzen)
Gentiana purpurea;bei dyspeptischen Beschwerden (Verdaungsbeschwerden mit Durchfällen, Blähungen, Schmerzen)
Juniperus communis;bei dyspeptischen Beschwerden (Verdaungsbeschwerden mit Durchfällen, Blähungen, Schmerzen)
Valeriana officinalis;bei Einschlafstörungen schlafanstossend wirksam
Artemisia absinthium;bei Ekzemen (Erkrankung der Oberhaut: Bläschen, Schuppen, Knötchen)
Viola arvensis;bei Ekzemen (Erkrankung der Oberhaut: Bläschen, Schuppen, Knötchen)
Viola tricolor;bei Ekzemen (Erkrankung der Oberhaut: Bläschen, Schuppen, Knötchen)
Potentilla erecta;bei empfindlichen Personen können Magenbeschwerden auftreten
Vaccinium myrtillus;bei Enteritis (Darmentzündung) entzündungshemmend
Potentilla erecta;bei Enterokolitis (Schleimhautentzündung des Dünn- und Dickdarms) entzündungshemmend
Plantago lanceolata;bei entzündlichen Veränderungen der Haut
Quercus petraea;bei entzündlichen Veränderungen der Haut
Quercus pubescens;bei entzündlichen Veränderungen der Haut
Quercus robur;bei entzündlichen Veränderungen der Haut
Plantago lanceolata;bei entzündlichen Veränderungen der Mund- und Rachenschleimhaut
Quercus petraea;bei entzündlichen Veränderungen der Mund- und Rachenschleimhaut
Quercus pubescens;bei entzündlichen Veränderungen der Mund- und Rachenschleimhaut
Quercus robur;bei entzündlichen Veränderungen der Mund- und Rachenschleimhaut
Matricaria recutita;bei Entzündungen des Magen- und Darmtraktes entzündungshemmend
Equisetum arvense;bei Enuresis (Bettnässen)
Malva neglecta;bei Erkältungskrankheiten
Malva sylvestris;bei Erkältungskrankheiten
Primula elatior;bei Erkältungskrankheiten
Primula veris;bei Erkältungskrankheiten
Salix alba;bei Erkältungskrankheiten
Salix purpurea;bei Erkältungskrankheiten
Sambucus nigra;bei Erkältungskrankheiten
Abies alba;bei Erkrankung der Atmungsorgane
Picea abies;bei Erkrankung der Atmungsorgane
Salix alba;bei Fieber
Salix purpurea;bei Fieber
Tilia cordata;bei Fieber
Tilia platyphyllos;bei Fieber
Arnica montana;bei Frakturödemen (durch Bruch bedingte Wasseransammlung im Gewebe)
Quercus petraea;bei Frostbeulen
Quercus pubescens;bei Frostbeulen
Quercus robur;bei Frostbeulen
Larix decidua;bei Furunkeln
Arnica montana;bei Furunkulose (wiederholtes Auftreten von Eiterbeulen/Blutgeschwüren)
Quercus petraea;bei Fussschweiss
Quercus pubescens;bei Fussschweiss
Quercus robur;bei Fussschweiss
Chelidonium majus;bei Gallenblasenentzündung
Hypericum perforatum;bei Gallenblasenerkrankungen
Chelidonium majus;bei Gallensteinen
Artemisia absinthium;bei Gastritis (Magenschleimhautentzündung) entzündungshemmend
Artemisia vulgaris;bei Gastritis (Magenschleimhautentzündung) entzündungshemmend
Hypericum perforatum;bei Gastritis (Magenschleimhautentzündung) entzündungshemmend
Malva neglecta;bei Gastritis (Magenschleimhautentzündung) entzündungshemmend
Malva sylvestris;bei Gastritis (Magenschleimhautentzündung) entzündungshemmend
Cetraria islandica;bei Gastroenteritis (Schleimhautentzündung im Magen und Dünndarm) entzündungshemmend
Malva neglecta;bei Gastroenteritis (Schleimhautentzündung im Magen und Dünndarm) entzündungshemmend
Malva sylvestris;bei Gastroenteritis (Schleimhautentzündung im Magen und Dünndarm) entzündungshemmend
Potentilla erecta;bei Gastroenteritis (Schleimhautentzündung im Magen und Dünndarm) entzündungshemmend
Vinca minor;bei Gehirn-Mangeldurchblutung
Solidago gigantea;bei Geschwüren
Agropyron repens;bei Gicht
Betula pendula;bei Gicht
Betula pubescens;bei Gicht
Colchicum autumnale;bei Gicht
Solidago gigantea;bei Gicht
Zea mays;bei Gicht
Salix alba;bei Grippe
Salix purpurea;bei Grippe
Sambucus nigra;bei Grippe
Tilia cordata;bei Grippe
Tilia platyphyllos;bei Grippe
Arnica montana;bei Hämatomen (Blutergüssen)
Frangula alnus;bei Hämorrhoiden (krampfaderartige Erweiterungen des Afterkanals)
Vaccinium myrtillus;bei Hämorrhoiden (krampfaderartige Erweiterungen des Afterkanals)
Solidago gigantea;bei Harnsäurediathese (Neigung zu Gicht)
Humulus lupulus;bei Hautverletzungen heilend
Cetraria islandica;bei Heiserkeit
Crataegus monogyna;bei Herzrythmusstörungen
Cetraria islandica;bei Husten lindernd
Larix decidua;bei Husten lindernd
Primula elatior;bei Husten lindernd
Primula veris;bei Husten lindernd
Tilia cordata;bei Husten lindernd
Tilia platyphyllos;bei Husten lindernd
Crataegus monogyna;bei Hypertonie (Bluthochdruck)
Viola arvensis;bei Impetigo (Grindflechte)
Viola tricolor;bei Impetigo (Grindflechte)
Arnica montana;bei Insektenstich mit Entzündung
Datura stramonium;bei Keratitis (Krankheiten der Hornhaut des Auges)
Ginkgo biloba;bei Konzentrationsmangel
Solidago gigantea;bei Lithiasis (Steinleiden)
Equisetum arvense;bei Lungentuberkulose
Colchicum autumnale;bei malignen Lymphomen (bösartige Lymphknotenschwellungen)
Matricaria recutita;bei Mastitis (Brustdrüsenentzündung)
Alchemilla vulgaris;bei Menorrhagie (verlängerter und verstärkter Monatsblutung) regulierend
Artemisia absinthium;bei Menstruationsstörungen regulierend
Artemisia vulgaris;bei Menstruationsstörungen regulierend
Ginkgo biloba;bei Müdigkeit
Hypericum perforatum;bei Myalgie (örtlicher oder diffuser Muskelschmerz)
Humulus lupulus;bei nervösen Einschlafstörungen
Humulus lupulus;bei nervöser Unruhe
Hypericum perforatum;bei nervöser Unruhe
Larix decidua;bei Neuralgien (Nervenschmerzen)
Hypericum perforatum;bei Neurodermitis (teilweise stark juckende Erkrankungen der Oberhaut)
Arctostaphylos uva-ursi;bei Nieren- und Blasenbeschwerden
Solidago gigantea;bei Nieren- und Blasenbeschwerden
Agropyron repens;bei Nierensteinleiden
Equisetum arvense;bei Ödemen (Wasseransammlungen im Gewebe)
Arnica montana;bei Phlebitis (Entzündung venöser Gefässe und Wandschichten)
Arnica montana;bei Prellungen
Viola arvensis;bei Pruritus (Juckreiz) reizmildernd
Viola tricolor;bei Pruritus (Juckreiz) reizmildernd
Betula pendula;bei psychovegetativen Störungen
Hypericum perforatum;bei psychovegetativen Störungen
Arctostaphylos uva-ursi;bei Pyelonephritis (bakterielle Entzündung des Nierenbeckens)
Betula pubescens;bei Pyelonephritis (bakterielle Entzündung des Nierenbeckens)
Arnica montana;bei Quetschungen
Datura stramonium;bei Reisekrankheit
Matricaria recutita;bei Rhagaden (Hautschrunden)
Agropyron repens;bei Rheuma
Arnica montana;bei Rheuma
Betula pendula;bei Rheuma
Betula pubescens;bei Rheuma
Salix alba;bei Rheuma
Salix purpurea;bei Rheuma
Solidago gigantea;bei Rheuma
Urtica dioica;bei Rheuma
Zea mays;bei Rheuma
Atropa belladonna;bei Säureüberproduktion des Magens
Alchemilla vulgaris;bei schlecht heilenden Wunden
Artemisia absinthium;bei schlecht heilenden Wunden
Cetraria islandica;bei schlecht heilenden Wunden
Equisetum arvense;bei schlecht heilenden Wunden
Juniperus communis;bei schlecht heilenden Wunden
Solidago gigantea;bei schlecht heilenden Wunden
Ginkgo biloba;bei Schwindel
Humulus lupulus;bei Spannungszuständen
Atropa belladonna;bei spastischer Opstipation (Verstopfung mit Krämpfen)
Equisetum arvense;bei Stoffwechselleiden
Arnica montana;"bei Thrombose (""Blutpfropf""-Bildung im Kreislaufsystem)"
Primula elatior;bei Überdosierung entsteht Brechreiz, Übelkeit und Diarrhö
Primula veris;bei Überdosierung entsteht Brechreiz, Übelkeit und Diarrhö
Humulus lupulus;bei Übererregbarkeit
Matricaria recutita;bei Ulcus cruris (Unterschenkelgeschwür)
Valeriana officinalis;bei Unruhe
Atropa belladonna;bei Urether- und Gallensteinkolik (Krämpfe/Schmerzen durch Harnleiter- und Gallensteine)
Hypericum perforatum;bei Verbrennungen
Matricaria recutita;bei Verbrennungen
Ginkgo biloba;bei Vergesslichkeit
Arnica montana;bei Verletzungs- und Unfallfolgen
Artemisia vulgaris;bei Völlegefühl
Gentiana lutea;bei Völlegefühl
Gentiana punctata;bei Völlegefühl
Gentiana purpurea;bei Völlegefühl
Chelidonium majus;bei Warzen
Hypericum perforatum;bei Wunden
Malva neglecta;bei Wunden
Malva sylvestris;bei Wunden
Quercus petraea;bei Wurmkoliken (Krämpfe bei Wurmbefall)
Quercus pubescens;bei Wurmkoliken (Krämpfe bei Wurmbefall)
Quercus robur;bei Wurmkoliken (Krämpfe bei Wurmbefall)
Atropa belladonna;Belladonnae folium / herba
Betula pendula;Betulae folium
Betula pubescens;Betulae folium
Vinca minor;bewirkt eine Blutdrucksenkung
Convallaria majalis;Bioverfügbarkeit ist unsicher bei oraler Applikation und darum ist Drogenzubereitung nicht geeignet
Allium;Blätter werden als Gewürz verwendet
Anthriscus sylvestris;Blätter werden als Gewürz verwendet
Artemisia absinthium;Blätter werden als Gewürz verwendet
Origanum vulgare;Blätter werden als Gewürz verwendet
Thymus serpyllum;Blätter werden als Gewürz verwendet
Allium;Blätter werden als Nahrungsmittel verwendet
Beta vulgaris;Blätter werden als Nahrungsmittel verwendet
Brassica oleracea;Blätter werden als Nahrungsmittel verwendet
Cichorium intybus;Blätter werden als Nahrungsmittel verwendet
Valerianella locusta;Blätter werden als Nahrungsmittel verwendet
Arctostaphylos uva-ursi;Blätter werden medizinisch verwendet
Artemisia absinthium;Blätter werden medizinisch verwendet
Artemisia vulgaris;Blätter werden medizinisch verwendet
Atropa belladonna;Blätter werden medizinisch verwendet
Betula pendula;Blätter werden medizinisch verwendet
Betula pubescens;Blätter werden medizinisch verwendet
Crataegus monogyna;Blätter werden medizinisch verwendet
Datura stramonium;Blätter werden medizinisch verwendet
Ginkgo biloba;Blätter werden medizinisch verwendet
Malva neglecta;Blätter werden medizinisch verwendet
Malva sylvestris;Blätter werden medizinisch verwendet
Plantago lanceolata;Blätter werden medizinisch verwendet
Urtica dioica;Blätter werden medizinisch verwendet
Vaccinium myrtillus;Blätter werden medizinisch verwendet
Vinca minor;Blätter werden medizinisch verwendet
Crataegus monogyna;Blüten werden medizinisch verwendet
Malva sylvestris;Blüten werden medizinisch verwendet
Papaver rhoeas;Blüten werden medizinisch verwendet
Sambucus nigra;Blüten werden medizinisch verwendet
Vinca minor;Blüten werden medizinisch verwendet
Rosa canina;Blütenboden werden medizinisch verwendet
Achillea millefolium;Blütenköpfe werden medizinisch verwendet
Arnica montana;Blütenköpfe werden medizinisch verwendet
Matricaria recutita;Blütenköpfe werden medizinisch verwendet
Brassica oleracea;Blütenstände werden als Nahrungsmittel verwendet
Humulus lupulus;Blütenstände werden medizinisch verwendet
Tilia cordata;Blütenstände werden medizinisch verwendet
Tilia platyphyllos;Blütenstände werden medizinisch verwendet
Vinca minor;Blutschädigung kann bei unsachgemässer Anwendung auftreten! Extrakt ist darum heute obsolet, Reinalkaloide sind hingegen bedeutende Krebsmittel
Artemisia absinthium;Carminativum (blähungstreibendes Mittel)
Artemisia vulgaris;Carminativum (blähungstreibendes Mittel)
Carum carvi;Carminativum (blähungstreibendes Mittel)
Gentiana lutea;Carminativum (blähungstreibendes Mittel)
Gentiana punctata;Carminativum (blähungstreibendes Mittel)
Gentiana purpurea;Carminativum (blähungstreibendes Mittel)
Heracleum sphondylium;Carminativum (blähungstreibendes Mittel)
Juniperus communis;Carminativum (blähungstreibendes Mittel)
Carum carvi;Carvi aetheroleum / fructus
Cetraria islandica;Cetrariae lichen
Chelidonium majus;Chelidonii herba
Carum carvi;Cholagogum (gallentreibendes Mittel)
Chelidonium majus;Cholagogum (gallentreibendes Mittel)
Colchicum autumnale;Cholchici semen
Crataegus monogyna;Crataegi folium cum flore / fructus
Sambucus nigra;Diaphoreticum (Schweiss treibendes Mittel)
Tilia cordata;Diaphoreticum (Schweiss treibendes Mittel)
Tilia platyphyllos;Diaphoreticum (Schweiss treibendes Mittel)
Solanum tuberosum;Diätetikum
Triticum aestivum;Diätetikum
Zea mays;Diätetikum
Agropyron repens;Diureticum (Harnfluss förderndes Mittel)
Betula pendula;Diureticum (Harnfluss förderndes Mittel)
Betula pubescens;Diureticum (Harnfluss förderndes Mittel)
Juniperus communis;Diureticum (Harnfluss förderndes Mittel)
Sambucus nigra;Diureticum (Harnfluss förderndes Mittel)
Solidago gigantea;Diureticum (Harnfluss förderndes Mittel)
Tilia cordata;Diureticum (Harnfluss förderndes Mittel)
Tilia platyphyllos;Diureticum (Harnfluss förderndes Mittel)
Urtica dioica;Diureticum (Harnfluss förderndes Mittel)
Zea mays;Diureticum (Harnfluss förderndes Mittel)
Hypericum perforatum;diverse Interaktionen mit anderen Arzneimittel werden vermutet (nicht anwenden mit Cyclosporin, Digoxin, Indinavir und cumarinartigen, gerinnungshemmenden Mitteln)
Salix alba;durch Entzündungen bedingte Schmerzen lindernd
Salix purpurea;durch Entzündungen bedingte Schmerzen lindernd
Polypodium vulgare;enhält Süssstoffe
Matricaria recutita;enthält (-)-alpha-Bisabolol
Valeriana officinalis;enthält (-)-Camphen
Datura stramonium;enthält (-)-Hyoscyamin
Valeriana officinalis;enthält (-)-Limonen
Datura stramonium;enthält (-)-Scopolamin
Artemisia absinthium;enthält (+)-Thujon
Achillea millefolium;enthält 8-Acetoxyachillin
Achillea millefolium;enthält 8-Hydroxyachillin
Artemisia absinthium;enthält Absinthin
Urtica dioica;enthält Acetylcholin
Achillea millefolium;enthält Achillin
Pinus mugo;enthält alpha-Phellandren
Abies alba;enthält alpha-Pinen
Juniperus communis;enthält alpha-Pinen
Picea abies;enthält alpha-Pinen
Pinus cembra;enthält alpha-Pinen
Pinus mugo;enthält alpha-Pinen
Pinus sylvestris;enthält alpha-Pinen
Valeriana officinalis;enthält alpha-Pinen
Gentiana lutea;enthält Amarogentin
Gentiana punctata;enthält Amarogentin
Gentiana purpurea;enthält Amarogentin
Gentiana punctata;enthält Amaropanin
Gentiana purpurea;enthält Amaropanin
Gentiana punctata;enthält Amaroswerin
Gentiana purpurea;enthält Amaroswerin
Solanum tuberosum;enthält Amylopektin
Triticum aestivum;enthält Amylopektin
Zea mays;enthält Amylopektin
Solanum tuberosum;enthält Amylose
Triticum aestivum;enthält Amylose
Zea mays;enthält Amylose
Artemisia absinthium;enthält Anabsinthin
Equisetum arvense;enthält Apigenin-5-glucosid
Atropa belladonna;enthält Apoatropin
Arctostaphylos uva-ursi;enthält Arbutin
Artemisia absinthium;enthält Artabsin
Arnica montana;enthält Astragalin
Tilia cordata;enthält Astragalin
Tilia platyphyllos;enthält Astragalin
Atropa belladonna;enthält Atropin
Plantago lanceolata;enthält Aucubin
Arnica montana;enthält Azulen
Solidago gigantea;enthält Bayogenin
Atropa belladonna;enthält Belladonnin
Valeriana officinalis;enthält beta-Bisabolen
Daucus carota;enthält beta-Carotin
Pinus cembra;enthält beta-Phellandren
Pinus mugo;enthält beta-Phellandren
Abies alba;enthält beta-Pinen
Juniperus communis;enthält beta-Pinen
Picea abies;enthält beta-Pinen
Pinus mugo;enthält beta-Pinen
Pinus sylvestris;enthält beta-Pinen
Valeriana officinalis;enthält beta-Pinen
Matricaria recutita;enthält beta-trans-Farnesen
Betula pendula;enthält Betuloretinsäure- und Betulinsäurederivate
Betula pubescens;enthält Betuloretinsäure- und Betulinsäurederivate
Matricaria recutita;enthält Bisabololoxid A
Matricaria recutita;enthält Bisabololoxid C
Matricaria recutita;enthält Bisabolonoxid 
Abies alba;enthält Borneol
Picea abies;enthält Borneol
Abies alba;enthält Bornylacetat
Picea abies;enthält Bornylacetat
Pinus mugo;enthält Bornylacetat
Dryopteris filix-mas;enthält Butanonphloroglucide
Abies alba;enthält Camphen
Picea abies;enthält Camphen
Pinus cembra;enthält Campher
Pinus cembra;enthält Caren
Zea mays;enthält Carvacrol
Valeriana officinalis;enthält Caryophyllen
Plantago lanceolata;enthält Catalpol
Potentilla erecta;enthält Catechingerbstoffe
Quercus petraea;enthält Catechingerbstoffe
Quercus pubescens;enthält Catechingerbstoffe
Quercus robur;enthält Catechingerbstoffe
Salix alba;enthält Catechingerbstoffe
Salix purpurea;enthält Catechingerbstoffe
Vaccinium myrtillus;enthält Catechingerbstoffe
Artemisia absinthium;enthält Chamazulen
Chelidonium majus;enthält Chelerythrin
Chelidonium majus;enthält Chelidonin
Colchicum autumnale;enthält Colchicin
Chelidonium majus;enthält Coptisin
Atropa belladonna;enthält Cuskhygrin
Hypericum perforatum;enthält Cyclopseudohypericin
Pinus cembra;enthält Cymol
Carum carvi;enthält D(+)-Limonen
Colchicum autumnale;enthält Demecolcin
Valeriana officinalis;enthält Didrovaltrat
Ginkgo biloba;enthält Diterpentrilaktone (Ginkgolid A, B, C)
Potentilla erecta;enthält Ellagsäure
Arctostaphylos uva-ursi;enthält Ellag-Tannin
Alchemilla vulgaris;enthält Ellagtannine (Agrimonin)
Equisetum arvense;enthält Equisetonin
Equisetum arvense;enthält Equisetrin
Matricaria recutita;enthält Flavone (Apigenin, Luteolin, Chrysoeriol)
Matricaria recutita;enthält Flavonole (Quercetin, Isorhamnetin, 6-Methoxykämpferol)
Salix alba;enthält Fragilin
Salix purpurea;enthält Fragilin
Frangula alnus;enthält Frangulin A
Frangula alnus;enthält Frangulin B
Cetraria islandica;enthält Fumarprotocetrarsäure
Heracleum sphondylium;enthält Furanocumarine
Arctostaphylos uva-ursi;enthält Gallo-Tannin
Equisetum arvense;enthält Genkwanin
Gentiana lutea;enthält Gentianose
Gentiana punctata;enthält Gentianose
Gentiana purpurea;enthält Gentianose
Gentiana lutea;enthält Gentiopikrosid
Gentiana punctata;enthält Gentiopikrosid
Gentiana purpurea;enthält Gentiopikrosid
Frangula alnus;enthält Glucofrangulin A
Frangula alnus;enthält Glucofrangulin B
Larix decidua;enthält Harzsäuren
Arnica montana;enthält Helenalin
Humulus lupulus;enthält Humulen
Juniperus communis;enthält Humulen
Humulus lupulus;enthält Humulon
Hypericum perforatum;enthält Hyperforin
Hypericum perforatum;enthält Hypericin
Betula pendula;enthält Hyperosid
Betula pubescens;enthält Hyperosid
Crataegus monogyna;enthält Hyperosid
Hypericum perforatum;enthält Hyperosid
Tilia cordata;enthält Hyperosid
Tilia platyphyllos;enthält Hyperosid
Cetraria islandica;enthält Isolichenin
Arnica montana;enthält Isoquercitrin
Equisetum arvense;enthält Isoquercitrin
Sambucus nigra;enthält Isoquercitrin
Tilia cordata;enthält Isoquercitrin
Tilia platyphyllos;enthält Isoquercitrin
Urtica dioica;enthält Kaffeesäureester
Zea mays;enthält Kaliumsalze
Equisetum arvense;enthält Kieselsäure
Carum carvi;enthält L(+)-Carvon
Atropa belladonna;enthält L-Hyoscyamin
Cetraria islandica;enthält Lichenin
Humulus lupulus;enthält Lupulon
Equisetum arvense;enthält Luteolin-5-glucosid
Arnica montana;enthält Luteolin-7-glucosid
Matricaria recutita;enthält Matricin (Chamazulen)
Arctostaphylos uva-ursi;enthält Methylarbutin
Abies alba;enthält Myrcen
Picea abies;enthält Myrcen
Betula pendula;enthält Myricetindigalactosid
Betula pubescens;enthält Myricetindigalactosid
Equisetum arvense;enthält Naringenin
Ginkgo biloba;enthält O-Acylglykoside von Kämpferol 
Ginkgo biloba;enthält O-Acylglykoside von Quercetin
Crataegus monogyna;enthält oligomere Procyanidine
Oxalis acetosella;enthält Oxalsäure
Polygonaceae;enthält Oxalsäure
Daucus carota;enthält Pektin
Salix alba;enthält Populin
Salix purpurea;enthält Populin
Primula elatior;enthält Primacrosaponin
Primula veris;enthält Primacrosaponin
Primula elatior;enthält Priverosaponin B
Primula veris;enthält Priverosaponin B
Primula elatior;enthält Priverosaponin B-22-acetat
Primula veris;enthält Priverosaponin B-22-acetat
Achillea millefolium;enthält Proazulene (Achillicin)
Hypericum perforatum;enthält Procyanidine
Hypericum perforatum;enthält Protohypericin
Hypericum perforatum;enthält Pseudohypericin
Pteridium aquilinum;enthält Ptaquillosid
Crataegus monogyna;enthält Quercetin
Alchemilla vulgaris;enthält Quercetinderivate
Tilia cordata;enthält Quercitrin
Tilia platyphyllos;enthält Quercitrin
Crataegus monogyna;enthält Rutin
Sambucus nigra;enthält Rutin
Tilia cordata;enthält Rutin
Tilia platyphyllos;enthält Rutin
Viola arvensis;enthält Rutin (Violaquercitrin)
Viola tricolor;enthält Rutin (Violaquercitrin)
Salix alba;enthält Salicin
Salix purpurea;enthält Salicin
Salix alba;enthält Salicortin
Salix purpurea;enthält Salicortin
Salix alba;enthält Salicylalkohol
Salix purpurea;enthält Salicylalkohol
Chelidonium majus;enthält Sanguinarin
Abies alba;enthält Santen
Picea abies;enthält Santen
Atropa belladonna;enthält Scopolamin
Urtica dioica;enthält Scopoletin
Urtica dioica;enthält Sitosterol
Juniperus communis;enthält Terpinen-4-ol
Artemisia absinthium;enthält Thujylalkohol
Arnica montana;enthält Thymol
Arnica montana;enthält Thymolmethylether
Salix alba;enthält Tremulacin
Salix purpurea;enthält Tremulacin
Agropyron repens;enthält Triticin
Cetraria islandica;enthält Usninsäure
Valeriana officinalis;enthält Valerol
Valeriana officinalis;enthält Valerosidat
Vinca minor;enthält Vincamin
Viola arvensis;enthält Violanthin
Viola tricolor;enthält Violanthin
Viola arvensis;enthält Violutosid
Viola tricolor;enthält Violutosid
Hippophaë rhamnoides;enthält Vitamin C (in Früchten)
Viola arvensis;enthält Vitexin
Viola tricolor;enthält Vitexin
Crataegus monogyna;enthält Vitexin-2-O-rhamnosid
Gentiana lutea;enthält Xanthone
Gentiana punctata;enthält Xanthone
Gentiana purpurea;enthält Xanthone
Hypericum perforatum;enthält Xanthone
Quercus petraea;entzündungshemmend bei leichten Entzündungen im Genital- und Analbereich
Quercus pubescens;entzündungshemmend bei leichten Entzündungen im Genital- und Analbereich
Quercus robur;entzündungshemmend bei leichten Entzündungen im Genital- und Analbereich
Arnica montana;entzündungshemmend bei Schleimhautentzündungen
Potentilla erecta;entzündungshemmend bei Schleimhautentzündungen im Mund- und Rachenraum
Agropyron repens;entzündungshemmend bei Uretheritis (Harnleiterentzündung)
Betula pendula;entzündungshemmend bei Uretheritis (Harnleiterentzündung)
Betula pubescens;entzündungshemmend bei Uretheritis (Harnleiterentzündung)
Agropyron repens;entzündungshemmend bei Urethritis (Harnröhrenentzündung)
Betula pendula;entzündungshemmend bei Urethritis (Harnröhrenentzündung)
Betula pubescens;entzündungshemmend bei Urethritis (Harnröhrenentzündung)
Equisetum arvense;Equiseti herba
Rosa canina;Erfrischungstee
Cetraria islandica;Expectorans (fördert Schleimentfernung)
Malva neglecta;Expectorans (fördert Schleimentfernung)
Malva sylvestris;Expectorans (fördert Schleimentfernung)
Pinus cembra;Expectorans (fördert Schleimentfernung)
Pinus mugo;Expectorans (fördert Schleimentfernung)
Pinus sylvestris;Expectorans (fördert Schleimentfernung)
Primula elatior;Expectorans (fördert Schleimentfernung)
Primula veris;Expectorans (fördert Schleimentfernung)
Dryopteris filix-mas;Extrakte zeigen Standardisierungsprobleme und eine geringe therapeutische Breite, eine Anwendung in der Humanmedizin ist nur beim Versagen von synthetischen Wurmmitteln angezeigt
Dryopteris filix-mas;Filicis rhizoma
Solanum tuberosum;Fliessregulierungsmittel
Triticum aestivum;Fliessregulierungsmittel
Frangula alnus;Frangulae cortex oder Rhamni frangulae cortex
Pinus mugo;frische Nadeln werden medizinisch verwendet
Carum carvi;Früchte werden als Gewürz verwendet
Avena sativa;Früchte werden als Nahrungsmittel verwendet
Fabaceae;Früchte werden als Nahrungsmittel verwendet
Fragaria;Früchte werden als Nahrungsmittel verwendet
Helianthus annuus;Früchte werden als Nahrungsmittel verwendet
Hippophaë rhamnoides;Früchte werden als Nahrungsmittel verwendet
Hordeum vulgare;Früchte werden als Nahrungsmittel verwendet
Malus sylvestris;Früchte werden als Nahrungsmittel verwendet
Prunus;Früchte werden als Nahrungsmittel verwendet
Pyrus pyraster;Früchte werden als Nahrungsmittel verwendet
Ribes petraeum;Früchte werden als Nahrungsmittel verwendet
Rubus fruticosus;Früchte werden als Nahrungsmittel verwendet
Rubus idaeus;Früchte werden als Nahrungsmittel verwendet
Sambucus nigra;Früchte werden als Nahrungsmittel verwendet
Secale cereale;Früchte werden als Nahrungsmittel verwendet
Triticum aestivum;Früchte werden als Nahrungsmittel verwendet
Vaccinium myrtillus;Früchte werden als Nahrungsmittel verwendet
Vaccinium vitis-idaea;Früchte werden als Nahrungsmittel verwendet
Zea mays;Früchte werden als Nahrungsmittel verwendet
Carum carvi;Früchte werden medizinisch verwendet
Crataegus monogyna;Früchte werden medizinisch verwendet
Juniperus sabina;Früchte werden medizinisch verwendet
Vaccinium myrtillus;Früchte werden medizinisch verwendet
Juniperus communis;Fruchtfleisch wird medizinisch verwendet
Solanum tuberosum;Füllmittel
Triticum aestivum;Füllmittel
Humulus lupulus;für Bäder
Malva neglecta;für Bäder
Malva sylvestris;für Bäder
Matricaria recutita;für Bäder
Quercus petraea;für Bäder
Quercus pubescens;für Bäder
Quercus robur;für Bäder
Valeriana officinalis;für Bäder
Atropa belladonna;für Injektionen
Crataegus monogyna;für Injektionen
Datura stramonium;für Injektionen
Tilia cordata;für Schwitzkuren
Tilia platyphyllos;für Schwitzkuren
Taxus baccata;ganze Pflanze mit Ausnahme des roten Arillus giftig
Taxus baccata;ganze Pflanze mit Ausnahme des roten Arillus giftig (Nadeln besonders giftig im Herbst)
Pteridium aquilinum;ganze Pflanze wird medizinisch verwendet
Taxus baccata;ganze Pflanze wird medizinisch verwendet
Dryopteris filix-mas;gegen Bandwürmer wirksam
Frangula alnus;gehört zur Gruppe der Abführ-Drogen
Arctostaphylos uva-ursi;gehört zur Gruppe der Arbutin-Drogen
Gentiana lutea;Gentianae radix
Gentiana punctata;Gentianae radix
Rosa canina;Geschmackskorrigens
Sambucus nigra;Geschmackskorrigens
Atropa belladonna;Gewinnung von Reinstoffen
Datura stramonium;Gewinnung von Reinstoffen
Euonymus europaea;giftige Pflanze
Euphorbia cyparissias;giftige Pflanze
Euphorbia helioscopia;giftige Pflanze
Ilex aquifolium;giftige Pflanze
Robinia pseudoacacia;giftige Pflanze
Solanum dulcamara;giftige Pflanze
Veratrum lobelianum;giftige Pflanze
Heracleum mantegazzianum;giftig: bei Berührung und gleichzeitiger Sonneneinstrahlung können stark juckende Hautentzündungen und Blasenbildung auftreten
Ginkgo biloba;Ginkgo folium
Agropyron repens;Graminis rhizoma
Zea mays;Griffel werden medizinisch verwendet
Atropa belladonna;Hauptinhaltsstoffe gehören zur Gruppe der Alkaloide
Chelidonium majus;Hauptinhaltsstoffe gehören zur Gruppe der Alkaloide
Colchicum autumnale;Hauptinhaltsstoffe gehören zur Gruppe der Alkaloide
Datura stramonium;Hauptinhaltsstoffe gehören zur Gruppe der Alkaloide
Taxus baccata;Hauptinhaltsstoffe gehören zur Gruppe der Alkaloide
Vinca minor;Hauptinhaltsstoffe gehören zur Gruppe der Alkaloide
Aconitum;wichtige Inhaltsstoffe gehören zur Gruppe der Alkaloide
Abies alba;Hauptinhaltsstoffe gehören zur Gruppe der ätherischen Öle
Achillea millefolium;Hauptinhaltsstoffe gehören zur Gruppe der ätherischen Öle
Arnica montana;Hauptinhaltsstoffe gehören zur Gruppe der ätherischen Öle
Artemisia absinthium;Hauptinhaltsstoffe gehören zur Gruppe der ätherischen Öle
Artemisia vulgaris;Hauptinhaltsstoffe gehören zur Gruppe der ätherischen Öle
Carum carvi;Hauptinhaltsstoffe gehören zur Gruppe der ätherischen Öle
Dryopteris filix-mas;Hauptinhaltsstoffe gehören zur Gruppe der ätherischen Öle
Humulus lupulus;Hauptinhaltsstoffe gehören zur Gruppe der ätherischen Öle
Juniperus communis;Hauptinhaltsstoffe gehören zur Gruppe der ätherischen Öle
Juniperus sabina;Hauptinhaltsstoffe gehören zur Gruppe der ätherischen Öle
Larix decidua;Hauptinhaltsstoffe gehören zur Gruppe der ätherischen Öle
Matricaria recutita;Hauptinhaltsstoffe gehören zur Gruppe der ätherischen Öle
Picea abies;Hauptinhaltsstoffe gehören zur Gruppe der ätherischen Öle
Pinus cembra;Hauptinhaltsstoffe gehören zur Gruppe der ätherischen Öle
Pinus mugo;Hauptinhaltsstoffe gehören zur Gruppe der ätherischen Öle
Pinus sylvestris;Hauptinhaltsstoffe gehören zur Gruppe der ätherischen Öle
Pteridium aquilinum;Hauptinhaltsstoffe gehören zur Gruppe der ätherischen Öle
Valeriana officinalis;Hauptinhaltsstoffe gehören zur Gruppe der ätherischen Öle
Zea mays;Hauptinhaltsstoffe gehören zur Gruppe der ätherischen Öle
Artemisia absinthium;Hauptinhaltsstoffe gehören zur Gruppe der Bitterstoffe
Gentiana lutea;Hauptinhaltsstoffe gehören zur Gruppe der Bitterstoffe
Gentiana punctata;Hauptinhaltsstoffe gehören zur Gruppe der Bitterstoffe
Gentiana purpurea;Hauptinhaltsstoffe gehören zur Gruppe der Bitterstoffe
Heracleum sphondylium;Hauptinhaltsstoffe gehören zur Gruppe der Cumarine
Alchemilla vulgaris;Hauptinhaltsstoffe gehören zur Gruppe der Flavonoide
Arctostaphylos uva-ursi;Hauptinhaltsstoffe gehören zur Gruppe der Flavonoide
Arnica montana;Hauptinhaltsstoffe gehören zur Gruppe der Flavonoide
Betula pendula;Hauptinhaltsstoffe gehören zur Gruppe der Flavonoide
Betula pubescens;Hauptinhaltsstoffe gehören zur Gruppe der Flavonoide
Crataegus monogyna;Hauptinhaltsstoffe gehören zur Gruppe der Flavonoide
Equisetum arvense;Hauptinhaltsstoffe gehören zur Gruppe der Flavonoide
Ginkgo biloba;Hauptinhaltsstoffe gehören zur Gruppe der Flavonoide
Hypericum perforatum;Hauptinhaltsstoffe gehören zur Gruppe der Flavonoide
Matricaria recutita;Hauptinhaltsstoffe gehören zur Gruppe der Flavonoide
Solidago gigantea;Hauptinhaltsstoffe gehören zur Gruppe der Flavonoide
Tilia cordata;Hauptinhaltsstoffe gehören zur Gruppe der Flavonoide
Tilia platyphyllos;Hauptinhaltsstoffe gehören zur Gruppe der Flavonoide
Urtica dioica;Hauptinhaltsstoffe gehören zur Gruppe der Flavonoide
Viola arvensis;Hauptinhaltsstoffe gehören zur Gruppe der Flavonoide
Viola tricolor;Hauptinhaltsstoffe gehören zur Gruppe der Flavonoide
Alchemilla vulgaris;Hauptinhaltsstoffe gehören zur Gruppe der Gerbstoffe
Arctostaphylos uva-ursi;Hauptinhaltsstoffe gehören zur Gruppe der Gerbstoffe
Potentilla erecta;Hauptinhaltsstoffe gehören zur Gruppe der Gerbstoffe
Quercus petraea;Hauptinhaltsstoffe gehören zur Gruppe der Gerbstoffe
Quercus pubescens;Hauptinhaltsstoffe gehören zur Gruppe der Gerbstoffe
Quercus robur;Hauptinhaltsstoffe gehören zur Gruppe der Gerbstoffe
Salix alba;Hauptinhaltsstoffe gehören zur Gruppe der Gerbstoffe
Salix purpurea;Hauptinhaltsstoffe gehören zur Gruppe der Gerbstoffe
Vaccinium myrtillus;Hauptinhaltsstoffe gehören zur Gruppe der Gerbstoffe
Plantago lanceolata;Hauptinhaltsstoffe gehören zur Gruppe der Iridoidglykoside
Agropyron repens;Hauptinhaltsstoffe gehören zur Gruppe der Kohlenhydrate
Cetraria islandica;Hauptinhaltsstoffe gehören zur Gruppe der Kohlenhydrate
Plantago lanceolata;Hauptinhaltsstoffe gehören zur Gruppe der Kohlenhydrate
Solanum tuberosum;Hauptinhaltsstoffe gehören zur Gruppe der Kohlenhydrate
Triticum aestivum;Hauptinhaltsstoffe gehören zur Gruppe der Kohlenhydrate
Zea mays;Hauptinhaltsstoffe gehören zur Gruppe der Kohlenhydrate
Zea mays;Hauptinhaltsstoffe gehören zur Gruppe der Lipoide
Hypericum perforatum;Hauptinhaltsstoffe gehören zur Gruppe der Naphthodianthrone
Salix alba;Hauptinhaltsstoffe gehören zur Gruppe der Salicylate
Salix purpurea;Hauptinhaltsstoffe gehören zur Gruppe der Salicylate
Viola arvensis;Hauptinhaltsstoffe gehören zur Gruppe der Salicylsäure-Derivate
Viola tricolor;Hauptinhaltsstoffe gehören zur Gruppe der Salicylsäure-Derivate
Betula pendula;Hauptinhaltsstoffe gehören zur Gruppe der Saponine
Betula pubescens;Hauptinhaltsstoffe gehören zur Gruppe der Saponine
Equisetum arvense;Hauptinhaltsstoffe gehören zur Gruppe der Saponine
Primula elatior;Hauptinhaltsstoffe gehören zur Gruppe der Saponine
Primula veris;Hauptinhaltsstoffe gehören zur Gruppe der Saponine
Sambucus nigra;Hauptinhaltsstoffe gehören zur Gruppe der Saponine
Solidago gigantea;Hauptinhaltsstoffe gehören zur Gruppe der Saponine
Plantago lanceolata;Hauptinhaltsstoffe gehören zur Gruppe der Scharfstoffe (Senföle)
Agropyron repens;Hauptinhaltsstoffe gehören zur Gruppe der Schleime (Heteropolysaccharide)
Malva neglecta;Hauptinhaltsstoffe gehören zur Gruppe der Schleime (Heteropolysaccharide)
Malva sylvestris;Hauptinhaltsstoffe gehören zur Gruppe der Schleime (Heteropolysaccharide)
Plantago lanceolata;Hauptinhaltsstoffe gehören zur Gruppe der Schleime (Heteropolysaccharide)
Tilia cordata;Hauptinhaltsstoffe gehören zur Gruppe der Schleime (Heteropolysaccharide)
Tilia platyphyllos;Hauptinhaltsstoffe gehören zur Gruppe der Schleime (Heteropolysaccharide)
Cetraria islandica;Hauptinhaltsstoffe gehören zur Gruppe der Schleimstoffe
Malva neglecta;Hauptinhaltsstoffe gehören zur Gruppe der Schleimstoffe
Malva sylvestris;Hauptinhaltsstoffe gehören zur Gruppe der Schleimstoffe
Brassicaceae;wichtige Inhaltsstoffe gehören zur Gruppe der Senfölglykoside
Urtica dioica;Hauptinhaltsstoffe gehören zur Gruppe der Silikate
Valeriana officinalis;Hauptinhaltsstoffe gehören zur Gruppe der Valepotriate
Heracleum sphondylium;Heraclei rhizoma
Valeriana officinalis;Herstellung von ätherischem Öl
Atropa belladonna;Herstellung von Augentropfen
Juniperus communis;Herstellung von Badeöl
Pinus cembra;Herstellung von Badeöl
Pinus mugo;Herstellung von Badeöl
Pinus sylvestris;Herstellung von Badeöl
Juniperus communis;Herstellung von Badesalz
Pinus cembra;Herstellung von Badesalz
Pinus mugo;Herstellung von Badesalz
Pinus sylvestris;Herstellung von Badesalz
Viola arvensis;Herstellung von Balsamen
Viola tricolor;Herstellung von Balsamen
Atropa belladonna;Herstellung von Belladonnae extractum siccum normatum im Arzneibuch
Atropa belladonna;Herstellung von Belladonnae pulvis normatus im Arzneibuch
Humulus lupulus;Herstellung von Bier
Plantago lanceolata;Herstellung von Bonbons
Betula pendula;Herstellung von Brausetabletten
Betula pubescens;Herstellung von Brausetabletten
Valeriana officinalis;Herstellung von Brausetabletten
Viola arvensis;Herstellung von Cremes
Viola tricolor;Herstellung von Cremes
Cetraria islandica;Herstellung von Dekokten
Primula elatior;Herstellung von Dekokten
Primula veris;Herstellung von Dekokten
Quercus petraea;Herstellung von Dekokten
Quercus pubescens;Herstellung von Dekokten
Quercus robur;Herstellung von Dekokten
Atropa belladonna;Herstellung von Dickextrakten
Matricaria recutita;Herstellung von Dickextrakten
Alchemilla vulgaris;Herstellung von Dragées
Arctostaphylos uva-ursi;Herstellung von Dragées
Artemisia absinthium;Herstellung von Dragées
Betula pendula;Herstellung von Dragées
Betula pubescens;Herstellung von Dragées
Crataegus monogyna;Herstellung von Dragées
Primula elatior;Herstellung von Dragées
Primula veris;Herstellung von Dragées
Salix alba;Herstellung von Dragées
Salix purpurea;Herstellung von Dragées
Sambucus nigra;Herstellung von Dragées
Solidago gigantea;Herstellung von Dragées
Vaccinium myrtillus;Herstellung von Dragées
Valeriana officinalis;Herstellung von Dragées
Betula pendula;Herstellung von Elixiren
Betula pubescens;Herstellung von Elixiren
Plantago lanceolata;Herstellung von Elixiren
Primula elatior;Herstellung von Elixiren
Primula veris;Herstellung von Elixiren
Achillea millefolium;Herstellung von Extrakten
Arctostaphylos uva-ursi;Herstellung von Extrakten
Artemisia absinthium;Herstellung von Extrakten
Artemisia vulgaris;Herstellung von Extrakten
Dryopteris filix-mas;Herstellung von Extrakten
Equisetum arvense;Herstellung von Extrakten
Ginkgo biloba;Herstellung von Extrakten
Juniperus communis;Herstellung von Extrakten
Malva sylvestris;Herstellung von Extrakten
Plantago lanceolata;Herstellung von Extrakten
Potentilla erecta;Herstellung von Extrakten
Sambucus nigra;Herstellung von Extrakten
Solidago gigantea;Herstellung von Extrakten
Urtica dioica;Herstellung von Extrakten
Vaccinium myrtillus;Herstellung von Extrakten
Valeriana officinalis;Herstellung von Extrakten
Vinca minor;Herstellung von Extrakten
Viola arvensis;Herstellung von Extrakten
Viola tricolor;Herstellung von Extrakten
Zea mays;Herstellung von Extrakten
Urtica dioica;Herstellung von Filmtabletten
Agropyron repens;Herstellung von Fluidextrakten
Alchemilla vulgaris;Herstellung von Fluidextrakten
Artemisia absinthium;Herstellung von Fluidextrakten
Atropa belladonna;Herstellung von Fluidextrakten
Crataegus monogyna;Herstellung von Fluidextrakten
Gentiana lutea;Herstellung von Fluidextrakten
Gentiana punctata;Herstellung von Fluidextrakten
Gentiana purpurea;Herstellung von Fluidextrakten
Matricaria recutita;Herstellung von Fluidextrakten
Plantago lanceolata;Herstellung von Fluidextrakten
Primula elatior;Herstellung von Fluidextrakten
Primula veris;Herstellung von Fluidextrakten
Solidago gigantea;Herstellung von Fluidextrakten
Urtica dioica;Herstellung von Fluidextrakten
Valeriana officinalis;Herstellung von Fluidextrakten
Achillea millefolium;Herstellung von Frischpflanzenpresssaft
Juniperus communis;Herstellung von Gin (aus Beerenzapfen)
Betula pendula;Herstellung von Granulaten
Betula pubescens;Herstellung von Granulaten
Malva neglecta;Herstellung von Gurgelwässern
Malva sylvestris;Herstellung von Gurgelwässern
Matricaria recutita;Herstellung von Gurgelwässern
Potentilla erecta;Herstellung von Gurgelwässern
Sambucus nigra;Herstellung von Gurgelwässern
Viola arvensis;Herstellung von Hautölen
Viola tricolor;Herstellung von Hautölen
Artemisia absinthium;Herstellung von Heissperkolaten
Matricaria recutita;Herstellung von Inhalantia
Pinus cembra;Herstellung von Inhalantia
Pinus mugo;Herstellung von Inhalantia
Pinus sylvestris;Herstellung von Inhalantia
Arctostaphylos uva-ursi;Herstellung von Kapseln
Betula pendula;Herstellung von Kapseln
Betula pubescens;Herstellung von Kapseln
Crataegus monogyna;Herstellung von Kapseln
Dryopteris filix-mas;Herstellung von Kapseln
Gentiana lutea;Herstellung von Kapseln
Gentiana punctata;Herstellung von Kapseln
Gentiana purpurea;Herstellung von Kapseln
Ginkgo biloba;Herstellung von Kapseln
Humulus lupulus;Herstellung von Kapseln
Hypericum perforatum;Herstellung von Kapseln
Potentilla erecta;Herstellung von Kapseln
Primula elatior;Herstellung von Kapseln
Primula veris;Herstellung von Kapseln
Urtica dioica;Herstellung von Kapseln
Vaccinium myrtillus;Herstellung von Kapseln
Valeriana officinalis;Herstellung von Kapseln
Larix decidua;Herstellung von Liniment
Pinus cembra;Herstellung von Liniment
Pinus mugo;Herstellung von Liniment
Pinus sylvestris;Herstellung von Liniment
Potentilla erecta;Herstellung von Lösungen
Galium odoratum;Herstellung von Maibowle (aus jungen Blättern und Blütenständen)
Plantago lanceolata;Herstellung von Mazeraten
Arnica montana;Herstellung von Ölen
Carum carvi;Herstellung von Ölen
Hypericum perforatum;Herstellung von Ölen
Juniperus sabina;Herstellung von Ölen
Matricaria recutita;Herstellung von Ölen
Brassica napus;Herstellung von Ölen (aus Samen)
Helianthus annuus;Herstellung von Ölen (aus Samen)
Plantago lanceolata;Herstellung von Pastillen
Primula elatior;Herstellung von Pastillen
Primula veris;Herstellung von Pastillen
Larix decidua;Herstellung von Pflastern
Quercus petraea;Herstellung von Pinselungen
Quercus pubescens;Herstellung von Pinselungen
Quercus robur;Herstellung von Pinselungen
Achillea millefolium;Herstellung von Presssäften
Plantago lanceolata;Herstellung von Presssäften
Urtica dioica;Herstellung von Presssäften
Matricaria recutita;Herstellung von Pudern
Solanum tuberosum;Herstellung von Pudern
Triticum aestivum;Herstellung von Pudern
Zea mays;Herstellung von Pudern
Artemisia absinthium;Herstellung von Pulvern
Atropa belladonna;Herstellung von Pulvern
Datura stramonium;Herstellung von Pulvern
Humulus lupulus;Herstellung von Pulvern
Salix alba;Herstellung von Pulvern
Salix purpurea;Herstellung von Pulvern
Arctostaphylos uva-ursi;Herstellung von Saft
Betula pendula;Herstellung von Saft
Betula pubescens;Herstellung von Saft
Plantago lanceolata;Herstellung von Saft
Primula elatior;Herstellung von Saft
Primula veris;Herstellung von Saft
Valeriana officinalis;Herstellung von Saft
Achillea millefolium;Herstellung von Salben
Arnica montana;Herstellung von Salben
Humulus lupulus;Herstellung von Salben
Juniperus communis;Herstellung von Salben
Larix decidua;Herstellung von Salben
Matricaria recutita;Herstellung von Salben
Pinus mugo;Herstellung von Salben
Artemisia absinthium;Herstellung von Schnaps (aus Blättern)
Gentiana lutea;Herstellung von Schnaps (aus Wurzeln)
Abies alba;Herstellung von Seifen
Picea abies;Herstellung von Seifen
Plantago lanceolata;Herstellung von Sirupen
Achillea millefolium;Herstellung von Sitzbädern
Potentilla erecta;Herstellung von Spray
Potentilla erecta;Herstellung von Spülungen
Datura stramonium;Herstellung von Stramonii pulvis normatus im Arzneibuch
Atropa belladonna;Herstellung von Suppositorien (Zäpfchen)
Carum carvi;Herstellung von Suppositorien (Zäpfchen)
Valeriana officinalis;Herstellung von Suppositorien (Zäpfchen)
Achillea millefolium;Herstellung von Tabletten
Agropyron repens;Herstellung von Tabletten
Alchemilla vulgaris;Herstellung von Tabletten
Arctostaphylos uva-ursi;Herstellung von Tabletten
Artemisia absinthium;Herstellung von Tabletten
Atropa belladonna;Herstellung von Tabletten
Colchicum autumnale;Herstellung von Tabletten
Crataegus monogyna;Herstellung von Tabletten
Hypericum perforatum;Herstellung von Tabletten
Plantago lanceolata;Herstellung von Tabletten
Primula elatior;Herstellung von Tabletten
Primula veris;Herstellung von Tabletten
Achillea millefolium;Herstellung von Tee
Agropyron repens;Herstellung von Tee
Alchemilla vulgaris;Herstellung von Tee
Arctostaphylos uva-ursi;Herstellung von Tee
Arnica montana;Herstellung von Tee
Artemisia absinthium;Herstellung von Tee
Artemisia vulgaris;Herstellung von Tee
Betula pendula;Herstellung von Tee
Betula pubescens;Herstellung von Tee
Carum carvi;Herstellung von Tee
Cetraria islandica;Herstellung von Tee
Chelidonium majus;Herstellung von Tee
Equisetum arvense;Herstellung von Tee
Frangula alnus;Herstellung von Tee
Gentiana lutea;Herstellung von Tee
Gentiana punctata;Herstellung von Tee
Gentiana purpurea;Herstellung von Tee
Heracleum sphondylium;Herstellung von Tee
Humulus lupulus;Herstellung von Tee
Hypericum perforatum;Herstellung von Tee
Malva neglecta;Herstellung von Tee
Malva sylvestris;Herstellung von Tee
Matricaria recutita;Herstellung von Tee
Plantago lanceolata;Herstellung von Tee
Potentilla erecta;Herstellung von Tee
Primula elatior;Herstellung von Tee
Primula veris;Herstellung von Tee
Quercus petraea;Herstellung von Tee
Quercus pubescens;Herstellung von Tee
Quercus robur;Herstellung von Tee
Rosa canina;Herstellung von Tee
Salix alba;Herstellung von Tee
Salix purpurea;Herstellung von Tee
Sambucus nigra;Herstellung von Tee
Solidago gigantea;Herstellung von Tee
Tilia cordata;Herstellung von Tee
Tilia platyphyllos;Herstellung von Tee
Urtica dioica;Herstellung von Tee
Vaccinium myrtillus;Herstellung von Tee
Valeriana officinalis;Herstellung von Tee
Viola arvensis;Herstellung von Tee
Viola tricolor;Herstellung von Tee
Zea mays;Herstellung von Tee
Tilia cordata;Herstellung von Tee (aus Blütenständen)
Tilia platyphyllos;Herstellung von Tee (aus Blütenständen)
Rosa canina;Herstellung von Tee (aus Früchten)
Chelidonium majus;Herstellung von Teepräparaten
Malva neglecta;Herstellung von Teepräparaten
Malva sylvestris;Herstellung von Teepräparaten
Achillea millefolium;Herstellung von Tinkturen
Arnica montana;Herstellung von Tinkturen
Artemisia absinthium;Herstellung von Tinkturen
Crataegus monogyna;Herstellung von Tinkturen
Gentiana lutea;Herstellung von Tinkturen
Gentiana punctata;Herstellung von Tinkturen
Gentiana purpurea;Herstellung von Tinkturen
Matricaria recutita;Herstellung von Tinkturen
Potentilla erecta;Herstellung von Tinkturen
Primula elatior;Herstellung von Tinkturen
Primula veris;Herstellung von Tinkturen
Valeriana officinalis;Herstellung von Tinkturen
Alchemilla vulgaris;Herstellung von Tonikum
Crataegus monogyna;Herstellung von Tonikum
Gentiana lutea;Herstellung von Tonikum
Gentiana punctata;Herstellung von Tonikum
Gentiana purpurea;Herstellung von Tonikum
Humulus lupulus;Herstellung von Tonikum
Vaccinium myrtillus;Herstellung von Tonikum
Datura stramonium;Herstellung von transdermalen therapeutischen Systemen (kontrolliert wirkstoffabgebende Pflaster)
Betula pendula;Herstellung von Trinktabletten
Betula pubescens;Herstellung von Trinktabletten
Valeriana officinalis;Herstellung von Trinktabletten
Alchemilla vulgaris;Herstellung von Trockenextrakten
Artemisia absinthium;Herstellung von Trockenextrakten
Atropa belladonna;Herstellung von Trockenextrakten
Betula pendula;Herstellung von Trockenextrakten
Betula pubescens;Herstellung von Trockenextrakten
Carum carvi;Herstellung von Trockenextrakten
Cetraria islandica;Herstellung von Trockenextrakten
Crataegus monogyna;Herstellung von Trockenextrakten
Frangula alnus;Herstellung von Trockenextrakten
Humulus lupulus;Herstellung von Trockenextrakten
Hypericum perforatum;Herstellung von Trockenextrakten
Potentilla erecta;Herstellung von Trockenextrakten
Primula elatior;Herstellung von Trockenextrakten
Primula veris;Herstellung von Trockenextrakten
Salix alba;Herstellung von Trockenextrakten
Salix purpurea;Herstellung von Trockenextrakten
Solidago gigantea;Herstellung von Trockenextrakten
Urtica dioica;Herstellung von Trockenextrakten
Vaccinium myrtillus;Herstellung von Trockenextrakten
Valeriana officinalis;Herstellung von Trockenextrakten
Agropyron repens;Herstellung von Tropfen
Arctostaphylos uva-ursi;Herstellung von Tropfen
Atropa belladonna;Herstellung von Tropfen
Crataegus monogyna;Herstellung von Tropfen
Matricaria recutita;Herstellung von Tropfen
Plantago lanceolata;Herstellung von Tropfen
Sambucus nigra;Herstellung von Tropfen
Valeriana officinalis;Herstellung von Tropfen
Arnica montana;Herstellung von Umschlägen
Malva neglecta;Herstellung von Umschlägen
Malva sylvestris;Herstellung von Umschlägen
Quercus petraea;Herstellung von Umschlägen
Quercus pubescens;Herstellung von Umschlägen
Quercus robur;Herstellung von Umschlägen
Viola arvensis;Herstellung von Umschlägen
Viola tricolor;Herstellung von Umschlägen
Arnica montana;Herstellung von Wärmepflastern
Valeriana officinalis;Herstellung von Wein
Juniperus communis;Holz wird medizinisch verwendet
Abies alba;Holz wird technisch verwendet
Acer platanoides;Holz wird technisch verwendet
Acer pseudoplatanus;Holz wird technisch verwendet
Alnus glutinosa;Holz wird technisch verwendet
Alnus incana;Holz wird technisch verwendet
Fagus sylvatica;Holz wird technisch verwendet
Frangula alnus;Holz wird technisch verwendet
Fraxinus excelsior;Holz wird technisch verwendet
Juglans regia;Holz wird technisch verwendet
Larix decidua;Holz wird technisch verwendet
Picea abies;Holz wird technisch verwendet
Pinus cembra;Holz wird technisch verwendet
Pinus sylvestris;Holz wird technisch verwendet
Prunus avium;Holz wird technisch verwendet
Quercus petraea;Holz wird technisch verwendet
Quercus robur;Holz wird technisch verwendet
Taxus baccata;Holz wird technisch verwendet
Tilia cordata;Holz wird technisch verwendet
Tilia platyphyllos;Holz wird technisch verwendet
Solanum tuberosum;Hydrogelgerüstbildner
Triticum aestivum;Hydrogelgerüstbildner
Hypericum perforatum;Hyperici herba / oleum
Equisetum arvense;Immunstimulierung (Stimulierung der körpereigenen Abwehrkräfte)
Arnica montana;innerliche Anwendung ist heute umstritten, wegen cardiotoxischer und allergener Wirkung der Helenalinderivate in höheren Dosen
Juniperus communis;Juniperi aetheroelum / lignum / pseudo-fructus
Achillea millefolium;"kann Allergien auslösen: ""Schafgarbendermatitis"" (allergische Reaktion gegenüber Asteraceae: Juckreiz, Entzündungen und Bläschenbildung)"
Solidago gigantea;kann bei häufigem Umgang Kontaktallergie auslösen
Quercus petraea;keine Vollbäder verordnen bei nässenden, grossflächigen Ekzemen und Hautverletzungen sowie Fieber, Herzinsuffizienz und Hypertonie
Quercus pubescens;keine Vollbäder verordnen bei nässenden, grossflächigen Ekzemen und Hautverletzungen sowie Fieber, Herzinsuffizienz und Hypertonie
Quercus robur;keine Vollbäder verordnen bei nässenden, grossflächigen Ekzemen und Hautverletzungen sowie Fieber, Herzinsuffizienz und Hypertonie
Arctostaphylos uva-ursi;kontraindiziert in Schwangerschaft und Stillzeit sowie bei Kindern unter 12 Jahren
Artemisia absinthium;krampflösend bei Koliken (Krämpfe im Bauchraum)
Artemisia vulgaris;krampflösend bei Koliken (Krämpfe im Bauchraum)
Matricaria recutita;krampflösend bei Koliken (Krämpfe im Bauchraum)
Viola arvensis;Kraut mit Blüten wird medizinisch verwendet
Viola tricolor;Kraut mit Blüten wird medizinisch verwendet
Alchemilla vulgaris;Kraut wird medizinisch verwendet
Atropa belladonna;Kraut wird medizinisch verwendet
Chelidonium majus;Kraut wird medizinisch verwendet
Plantago lanceolata;Kraut wird medizinisch verwendet
Solidago gigantea;Kraut wird medizinisch verwendet
Urtica dioica;Kraut wird medizinisch verwendet
Carum carvi;Laktagogum (milchbildendes Mittel)
Artemisia vulgaris;Laxans (Abführmittel)
Frangula alnus;Laxans (Abführmittel)
Sambucus nigra;Laxans (Abführmittel)
Chelidonium majus;Leberschädigung: reversible hepatotoxische Nebenwirkungen (akute Hepatitis, anstieg der Leberwerte) bei Konsum von hochdosierten Extraktpräparaten
Colchicum autumnale;letale Dosis von Colchicin: 0.02 g Colchicin = 5 g Samen = 50 g Tinktur
Cetraria islandica;Lichen islandicus
Humulus lupulus;Lupuli flos / glandula
Malva neglecta;Malvae folium
Malva sylvestris;Malvae folium
Malva sylvestris;Malvae sylvestris flos
Matricaria recutita;Matricariae flos
Zea mays;Maydis amylum / stigma
Achillea millefolium;Millefolii herba
Cetraria islandica;Mucilaginosum (lindert Reizung)
Malva neglecta;Mucilaginosum (lindert Reizung)
Malva sylvestris;Mucilaginosum (lindert Reizung)
Plantago lanceolata;Mucilaginosum (lindert Reizung)
Tilia cordata;Mucilaginosum (lindert Reizung)
Tilia platyphyllos;Mucilaginosum (lindert Reizung)
Zea mays;Mucilaginosum (lindert Reizung)
Atropa belladonna;Mydriatikum (pupillenerweiterndes Mittel)
Vaccinium myrtillus;Myrtilli folium / fructus recens / fructus siccus
Juniperus communis;Nierenschäden können auftreten, falls alpha-Pinen-Gehalt zu hoch ist
Artemisia absinthium;obere Sprossteile werden medizinisch verwendet
Equisetum arvense;oberirdische grüne Triebe werden medizinisch verwendet
Picea abies;oberirdische grüne Triebe werden medizinisch verwendet
Achillea millefolium;offizinell (im Europäischen/Schweizerischen Arzneibuch aufgeführt)
Agropyron repens;offizinell (im Europäischen/Schweizerischen Arzneibuch aufgeführt)
Alchemilla vulgaris;offizinell (im Europäischen/Schweizerischen Arzneibuch aufgeführt)
Arctostaphylos uva-ursi;offizinell (im Europäischen/Schweizerischen Arzneibuch aufgeführt)
Arnica montana;offizinell (im Europäischen/Schweizerischen Arzneibuch aufgeführt)
Artemisia absinthium;offizinell (im Europäischen/Schweizerischen Arzneibuch aufgeführt)
Atropa belladonna;offizinell (im Europäischen/Schweizerischen Arzneibuch aufgeführt)
Betula pendula;offizinell (im Europäischen/Schweizerischen Arzneibuch aufgeführt)
Betula pubescens;offizinell (im Europäischen/Schweizerischen Arzneibuch aufgeführt)
Carum carvi;offizinell (im Europäischen/Schweizerischen Arzneibuch aufgeführt)
Cetraria islandica;offizinell (im Europäischen/Schweizerischen Arzneibuch aufgeführt)
Chelidonium majus;offizinell (im Europäischen/Schweizerischen Arzneibuch aufgeführt)
Crataegus monogyna;offizinell (im Europäischen/Schweizerischen Arzneibuch aufgeführt)
Datura stramonium;offizinell (im Europäischen/Schweizerischen Arzneibuch aufgeführt)
Equisetum arvense;offizinell (im Europäischen/Schweizerischen Arzneibuch aufgeführt)
Frangula alnus;offizinell (im Europäischen/Schweizerischen Arzneibuch aufgeführt)
Gentiana lutea;offizinell (im Europäischen/Schweizerischen Arzneibuch aufgeführt)
Gentiana punctata;offizinell (im Europäischen/Schweizerischen Arzneibuch aufgeführt)
Gentiana purpurea;offizinell (im Europäischen/Schweizerischen Arzneibuch aufgeführt)
Ginkgo biloba;offizinell (im Europäischen/Schweizerischen Arzneibuch aufgeführt)
Humulus lupulus;offizinell (im Europäischen/Schweizerischen Arzneibuch aufgeführt)
Hypericum perforatum;offizinell (im Europäischen/Schweizerischen Arzneibuch aufgeführt)
Juniperus communis;offizinell (im Europäischen/Schweizerischen Arzneibuch aufgeführt)
Larix decidua;offizinell (im Europäischen/Schweizerischen Arzneibuch aufgeführt)
Malva neglecta;offizinell (im Europäischen/Schweizerischen Arzneibuch aufgeführt)
Malva sylvestris;offizinell (im Europäischen/Schweizerischen Arzneibuch aufgeführt)
Matricaria recutita;offizinell (im Europäischen/Schweizerischen Arzneibuch aufgeführt)
Papaver rhoeas;offizinell (im Europäischen/Schweizerischen Arzneibuch aufgeführt)
Pinus cembra;offizinell (im Europäischen/Schweizerischen Arzneibuch aufgeführt)
Pinus mugo;offizinell (im Europäischen/Schweizerischen Arzneibuch aufgeführt)
Pinus sylvestris;offizinell (im Europäischen/Schweizerischen Arzneibuch aufgeführt)
Plantago lanceolata;offizinell (im Europäischen/Schweizerischen Arzneibuch aufgeführt)
Potentilla erecta;offizinell (im Europäischen/Schweizerischen Arzneibuch aufgeführt)
Primula elatior;offizinell (im Europäischen/Schweizerischen Arzneibuch aufgeführt)
Primula veris;offizinell (im Europäischen/Schweizerischen Arzneibuch aufgeführt)
Quercus petraea;offizinell (im Europäischen/Schweizerischen Arzneibuch aufgeführt)
Quercus pubescens;offizinell (im Europäischen/Schweizerischen Arzneibuch aufgeführt)
Quercus robur;offizinell (im Europäischen/Schweizerischen Arzneibuch aufgeführt)
Rosa canina;offizinell (im Europäischen/Schweizerischen Arzneibuch aufgeführt)
Salix alba;offizinell (im Europäischen/Schweizerischen Arzneibuch aufgeführt)
Salix purpurea;offizinell (im Europäischen/Schweizerischen Arzneibuch aufgeführt)
Sambucus nigra;offizinell (im Europäischen/Schweizerischen Arzneibuch aufgeführt)
Solanum tuberosum;offizinell (im Europäischen/Schweizerischen Arzneibuch aufgeführt)
Solidago gigantea;offizinell (im Europäischen/Schweizerischen Arzneibuch aufgeführt)
Tilia cordata;offizinell (im Europäischen/Schweizerischen Arzneibuch aufgeführt)
Tilia platyphyllos;offizinell (im Europäischen/Schweizerischen Arzneibuch aufgeführt)
Triticum aestivum;offizinell (im Europäischen/Schweizerischen Arzneibuch aufgeführt)
Urtica dioica;offizinell (im Europäischen/Schweizerischen Arzneibuch aufgeführt)
Vaccinium myrtillus;offizinell (im Europäischen/Schweizerischen Arzneibuch aufgeführt)
Valeriana officinalis;offizinell (im Europäischen/Schweizerischen Arzneibuch aufgeführt)
Viola arvensis;offizinell (im Europäischen/Schweizerischen Arzneibuch aufgeführt)
Viola tricolor;offizinell (im Europäischen/Schweizerischen Arzneibuch aufgeführt)
Abies alba;Öl aus Jungtrieben wird medizinisch verwendet
Abies alba;Piceae aetheroleum
Picea abies;Piceae aetheroleum
Pinus cembra;Pini aetheroelum
Pinus sylvestris;Pini aetheroelum
Pinus sylvestris;Pini aetheroelum rectficatum
Pinus mugo;Pini pumilionis aetheroleum
Plantago lanceolata;Plantaginis lanceolatae folium / herba
Zea mays;Plasmaersatz
Polypodium vulgare;Polypodii rhizoma
Primula elatior;Primulae radix
Primula veris;Primulae radix
Quercus petraea;Quercus cortex
Quercus pubescens;Quercus cortex
Quercus robur;Quercus cortex
Colchicum autumnale;Reinstoffe aus Samenschale und Samen werden medizinisch verwendet
Artemisia vulgaris;Repellent (Insektenabwehrmittel auf der Haut)
Quercus petraea;Resorption von Alkaloiden und anderen basischen Arzneistoffen ist vermindert
Quercus pubescens;Resorption von Alkaloiden und anderen basischen Arzneistoffen ist vermindert
Quercus robur;Resorption von Alkaloiden und anderen basischen Arzneistoffen ist vermindert
Agropyron repens;Rhizom wird medizinisch verwendet
Dryopteris filix-mas;Rhizom wird medizinisch verwendet
Gentiana lutea;Rhizom wird medizinisch verwendet
Gentiana punctata;Rhizom wird medizinisch verwendet
Gentiana purpurea;Rhizom wird medizinisch verwendet
Heracleum sphondylium;Rhizom wird medizinisch verwendet
Polypodium vulgare;Rhizom wird medizinisch verwendet
Primula elatior;Rhizom wird medizinisch verwendet
Primula veris;Rhizom wird medizinisch verwendet
Papaver rhoeas;Rhoeados flos oder Papaver rhoeados flos
Frangula alnus;Rinde der Stämme und Zweige wird medizinisch verwendet
Quercus petraea;Rinde jüngerer Zweige und Stockausschläge wird medizinisch verwendet
Quercus pubescens;Rinde jüngerer Zweige und Stockausschläge wird medizinisch verwendet
Quercus robur;Rinde jüngerer Zweige und Stockausschläge wird medizinisch verwendet
Salix alba;Rinde von 2- bis 3-jährigen Zweigen wird medizinisch verwendet
Salix purpurea;Rinde von 2- bis 3-jährigen Zweigen wird medizinisch verwendet
Rosa canina;Rosae pseudofructus cum fructibus / semen
Beta vulgaris;Rüben werden als Nahrungsmittel verwendet
Daucus carota;Rüben werden als Nahrungsmittel verwendet
Beta vulgaris;Rüben werden als Tierfutter verwendet
Beta vulgaris;Rüben werden zur Zuckerproduktion verwendet
Salix alba;Salicis cortex
Salix purpurea;Salicis cortex
Sambucus nigra;Sambuci flos / fructus
Castanea sativa;Samen werden als Nahrungsmittel verwendet
Corylus avellana;Samen werden als Nahrungsmittel verwendet
Juglans regia;Samen werden als Nahrungsmittel verwendet
Rosa canina;Samen werden medizinisch verwendet
Primula elatior;schleimlösend bei bronchopulmonaler Verschleimung
Primula veris;schleimlösend bei bronchopulmonaler Verschleimung
Papaver rhoeas;Schönungsdroge in Teemischnungen
Artemisia vulgaris;Sedativum (Beruhigungsmittel)
Humulus lupulus;Sedativum (Beruhigungsmittel)
Valeriana officinalis;Sedativum (Beruhigungsmittel)
Vinca minor;Sedativum (Beruhigungsmittel)
Primula elatior;Sekretolyticum (schleimlösendes Mittel)
Primula veris;Sekretolyticum (schleimlösendes Mittel)
Sambucus nigra;Sekretolyticum (schleimlösendes Mittel)
Solanum tuberosum;Solani amylum
Solidago gigantea;Solidaginis herba
Achillea millefolium;Spasmolyticum (krampflösendes Mittel)
Carum carvi;Spasmolyticum (krampflösendes Mittel)
Chelidonium majus;Spasmolyticum (krampflösendes Mittel)
Matricaria recutita;Spasmolyticum (krampflösendes Mittel)
Solanum tuberosum;Sprossknollen werden als Nahrungsmittel verwendet
Artemisia vulgaris;Sprossspitzen werden medizinisch verwendet
Aconitum;stark giftige Pflanze
Arum maculatum;stark giftige Pflanze
Daphne mezereum;stark giftige Pflanze
Daphne striata;stark giftige Pflanze
Datura stramonium;stark giftige Pflanze
Digitalis grandiflora;stark giftige Pflanze
Helleborus foetidus;stark giftige Pflanze
Juniperus sabina;stark giftige Pflanze
Juniperus sabina;stark giftig, insbesondere Beerenzapfen, Zweigspitzen und Öl
Datura stramonium;stark giftig, insbesondere Wurzel und Samen
Triticum aestivum;Stärke aus Früchten wird medizinisch verwendet
Zea mays;Stärke aus Früchten wird medizinisch verwendet
Solanum tuberosum;Stärke aus Sprossknollen wird medizinisch verwendet
Cannabis sativa;Stengel liefert Fasern für technische Nutzung
Agropyron repens;Stengel wird medizinisch verwendet
Crataegus monogyna;Stengel wird medizinisch verwendet
Carum carvi;Stomachikum (Magenmittel)
Humulus lupulus;Stomachikum (Magenmittel)
Quercus petraea;Stomachikum (Magenmittel)
Quercus pubescens;Stomachikum (Magenmittel)
Quercus robur;Stomachikum (Magenmittel)
Datura stramonium;Stramonii folium
Solanum tuberosum;Streupulver
Triticum aestivum;Streupulver
Solanum tuberosum;Tablettensprengmittel
Triticum aestivum;Tablettensprengmittel
Zea mays;Tablettensprengmittel
Matricaria recutita;Teeaufguss kann Reizungen im Bereich der Augen hervorrufen
Larix decidua;Terebinthinae balsamum
Cetraria islandica;Thalli medizinisch verwendet
Fabaceae;Tierfutter
Poaceae;Tierfutter
Zea mays;Tierfutter
Tilia cordata;Tiliae flos
Tilia platyphyllos;Tiliae flos
Potentilla erecta;Tormentillae rhizoma
Triticum aestivum;Tritici amylum
Urtica dioica;Urticae folium / herba
Arctostaphylos uva-ursi;Uvae ursi folium
Valeriana officinalis;Valerianae radix
Equisetum arvense;Verfälschungen mit alkaloidhaltigem, toxischem Equisetum palustre sind zu beachten
Vinca minor;Vincae herba
Viola arvensis;Violae herba cum flore
Viola tricolor;Violae herba cum flore
Cannabis sativa;weibliche Blütenstände als Genussmittel zum Rauchen verwendet
Humulus lupulus;weibliche Blütenstände werden als Gewürz verwendet
Fabaceae;wichtige Inhaltsstoffe sind aus der Gruppe der Proteine
Allium;wichtige Inhaltsstoffe sind aus der Gruppe der schwefelhaltigen Lauchöle
Abies alba;wird pharmazeutisch verwendet
Allium ursinum;wird pharmazeutisch verwendet
Alopecurus pratensis;wird pharmazeutisch verwendet
Anthoxantum odoratum;wird pharmazeutisch verwendet
Avena sativa;wird pharmazeutisch verwendet
Bromus hordeaceus;wird pharmazeutisch verwendet
Cannabis sativa;wird pharmazeutisch verwendet
Capsella bursa-pastoris;wird pharmazeutisch verwendet
Carlina acaulis;wird pharmazeutisch verwendet
Castanea sativa;wird pharmazeutisch verwendet
Colchicum autumnale;wird pharmazeutisch verwendet
Consolida regalis;wird pharmazeutisch verwendet
Convallaria majalis;wird pharmazeutisch verwendet
Dactylis glomerata;wird pharmazeutisch verwendet
Drosera rotundifolia;wird pharmazeutisch verwendet
Dryopteris filix-mas;wird pharmazeutisch verwendet
Euphrasia rostkoviana;wird pharmazeutisch verwendet
Festuca pratensis;wird pharmazeutisch verwendet
Fragaria vesca;wird pharmazeutisch verwendet
Geum urbanum;wird pharmazeutisch verwendet
Hedera helix;wird pharmazeutisch verwendet
Heracleum sphondylium;wird pharmazeutisch verwendet
Herniaria glabra;wird pharmazeutisch verwendet
Juglans regia;wird pharmazeutisch verwendet
Lolium perenne;wird pharmazeutisch verwendet
Melilotus officinalis;wird pharmazeutisch verwendet
Petasites hybridus;wird pharmazeutisch verwendet
Phleum pratense;wird pharmazeutisch verwendet
Picea abies;wird pharmazeutisch verwendet
Polygonum aviculare;wird pharmazeutisch verwendet
Potentilla anserina;wird pharmazeutisch verwendet
Rhamnus cathartica;wird pharmazeutisch verwendet
Sanicula europaea;wird pharmazeutisch verwendet
Saponaria officinalis;wird pharmazeutisch verwendet
Solidago virgaurea;wird pharmazeutisch verwendet
Symphytum officinale;wird pharmazeutisch verwendet
Taraxacum officinale;wird pharmazeutisch verwendet
Thymus serpyllum;wird pharmazeutisch verwendet
Tussilago farfara;wird pharmazeutisch verwendet
Vaccinium vitis-idaea;wird pharmazeutisch verwendet
Verbena officinalis;wird pharmazeutisch verwendet
Vinca minor;wird pharmazeutisch verwendet
Viscum album;wird pharmazeutisch verwendet
Zea mays;wird pharmazeutisch verwendet
Abies alba;wird volksmedizinisch verwendet
Achillea millefolium;wird volksmedizinisch verwendet
Agropyron repens;wird volksmedizinisch verwendet
Alchemilla conjuncta;wird volksmedizinisch verwendet
Alchemilla vulgaris;wird volksmedizinisch verwendet
Allium ursinum;wird volksmedizinisch verwendet
Alopecurus pratensis;wird volksmedizinisch verwendet
Anthoxantum odoratum;wird volksmedizinisch verwendet
Anthriscus sylvestris;wird volksmedizinisch verwendet
Arctostaphylos uva-ursi;wird volksmedizinisch verwendet
Arnica montana;wird volksmedizinisch verwendet
Artemisia absinthium;wird volksmedizinisch verwendet
Artemisia vulgaris;wird volksmedizinisch verwendet
Avena sativa;wird volksmedizinisch verwendet
Betula pendula;wird volksmedizinisch verwendet
Betula pubescens;wird volksmedizinisch verwendet
Bromus hordeaceus;wird volksmedizinisch verwendet
Cannabis sativa;wird volksmedizinisch verwendet
Capsella bursa-pastoris;wird volksmedizinisch verwendet
Carlina acaulis;wird volksmedizinisch verwendet
Carum carvi;wird volksmedizinisch verwendet
Castanea sativa;wird volksmedizinisch verwendet
Cetraria islandica;wird volksmedizinisch verwendet
Chelidonium majus;wird volksmedizinisch verwendet
Consolida regalis;wird volksmedizinisch verwendet
Dactylis glomerata;wird volksmedizinisch verwendet
Daucus carota;wird volksmedizinisch verwendet
Drosera rotundifolia;wird volksmedizinisch verwendet
Dryopteris filix-mas;wird volksmedizinisch verwendet
Epilobium angustifolium;wird volksmedizinisch verwendet
Epilobium montanum;wird volksmedizinisch verwendet
Equisetum arvense;wird volksmedizinisch verwendet
Euphrasia rostkoviana;wird volksmedizinisch verwendet
Festuca pratensis;wird volksmedizinisch verwendet
Filipendula ulmaria;wird volksmedizinisch verwendet
Fragaria vesca;wird volksmedizinisch verwendet
Galium odoratum;wird volksmedizinisch verwendet
Galium verum;wird volksmedizinisch verwendet
Gentiana lutea;wird volksmedizinisch verwendet
Gentiana punctata;wird volksmedizinisch verwendet
Gentiana purpurea;wird volksmedizinisch verwendet
Geum urbanum;wird volksmedizinisch verwendet
Ginkgo biloba;wird volksmedizinisch verwendet
Hedera helix;wird volksmedizinisch verwendet
Heracleum sphondylium;wird volksmedizinisch verwendet
Herniaria glabra;wird volksmedizinisch verwendet
Humulus lupulus;wird volksmedizinisch verwendet
Hypericum perforatum;wird volksmedizinisch verwendet
Juglans regia;wird volksmedizinisch verwendet
Juniperus communis;wird volksmedizinisch verwendet
Lamium album;wird volksmedizinisch verwendet
Larix decidua;wird volksmedizinisch verwendet
Lolium perenne;wird volksmedizinisch verwendet
Malva neglecta;wird volksmedizinisch verwendet
Malva sylvestris;wird volksmedizinisch verwendet
Matricaria recutita;wird volksmedizinisch verwendet
Melilotus officinalis;wird volksmedizinisch verwendet
Origanum vulgare;wird volksmedizinisch verwendet
Papaver rhoeas;wird volksmedizinisch verwendet
Petasites hybridus;wird volksmedizinisch verwendet
Phleum pratense;wird volksmedizinisch verwendet
Picea abies;wird volksmedizinisch verwendet
Pinus cembra;wird volksmedizinisch verwendet
Pinus mugo;wird volksmedizinisch verwendet
Pinus sylvestris;wird volksmedizinisch verwendet
Plantago lanceolata;wird volksmedizinisch verwendet
Plantago major;wird volksmedizinisch verwendet
Plantago media;wird volksmedizinisch verwendet
Polygonum aviculare;wird volksmedizinisch verwendet
Polypodium vulgare;wird volksmedizinisch verwendet
Potentilla anserina;wird volksmedizinisch verwendet
Potentilla erecta;wird volksmedizinisch verwendet
Primula elatior;wird volksmedizinisch verwendet
Primula veris;wird volksmedizinisch verwendet
Prunus spinosa;wird volksmedizinisch verwendet
Quercus petraea;wird volksmedizinisch verwendet
Quercus pubescens;wird volksmedizinisch verwendet
Quercus robur;wird volksmedizinisch verwendet
Rhamnus cathartica;wird volksmedizinisch verwendet
Rosa canina;wird volksmedizinisch verwendet
Rubus fruticosus;wird volksmedizinisch verwendet
Rubus idaeus;wird volksmedizinisch verwendet
Salix alba;wird volksmedizinisch verwendet
Salix purpurea;wird volksmedizinisch verwendet
Sambucus nigra;wird volksmedizinisch verwendet
Sanicula europaea;wird volksmedizinisch verwendet
Saponaria officinalis;wird volksmedizinisch verwendet
Solidago gigantea;wird volksmedizinisch verwendet
Solidago virgaurea;wird volksmedizinisch verwendet
Symphytum officinale;wird volksmedizinisch verwendet
Taraxacum officinale;wird volksmedizinisch verwendet
Thymus serpyllum;wird volksmedizinisch verwendet
Tilia cordata;wird volksmedizinisch verwendet
Tilia platyphyllos;wird volksmedizinisch verwendet
Tussilago farfara;wird volksmedizinisch verwendet
Urtica dioica;wird volksmedizinisch verwendet
Vaccinium myrtillus;wird volksmedizinisch verwendet
Vaccinium vitis-idaea;wird volksmedizinisch verwendet
Valeriana officinalis;wird volksmedizinisch verwendet
Verbena officinalis;wird volksmedizinisch verwendet
Viola arvensis;wird volksmedizinisch verwendet
Viola tricolor;wird volksmedizinisch verwendet
Viscum album;wird volksmedizinisch verwendet
Zea mays;wird volksmedizinisch verwendet
Juniperus communis;wirkt hyperämisierend (verstärkt Durchblutung)
Pinus cembra;wirkt hyperämisierend (verstärkt Durchblutung)
Pinus mugo;wirkt hyperämisierend (verstärkt Durchblutung)
Pinus sylvestris;wirkt hyperämisierend (verstärkt Durchblutung)
Gentiana lutea;Wurzel wird medizinisch verwendet
Gentiana punctata;Wurzel wird medizinisch verwendet
Gentiana purpurea;Wurzel wird medizinisch verwendet
Primula elatior;Wurzel wird medizinisch verwendet
Primula veris;Wurzel wird medizinisch verwendet
Valeriana officinalis;Wurzel, Rhizom und Ausläufer werden medizinisch verwendet
Potentilla erecta;Wurzelstock (Rhizom, befreit von Wurzeln) wird medizinisch verwendet
Solanum tuberosum;Zerfallsbeschleuniger bei Tabletten
Triticum aestivum;Zerfallsbeschleuniger bei Tabletten
Viola arvensis;zur Abheilung von Milchschorf
Viola tricolor;zur Abheilung von Milchschorf
Vaccinium myrtillus;zur Beschleunigung der Vernarbung von Wunden
Abies alba;zur Desinfektion
Picea abies;zur Desinfektion
Vaccinium myrtillus;zur Epithelregeneration
Ginkgo biloba;zur Milderung von Beschwerden bei Arteriosklerose
Atropa belladonna;zur Narkosevorbereitung
Vaccinium myrtillus;zur Verbesserung der Nachtsehleistung
Agropyron repens;zur Vorbeugung bei Nierengriess
Abies alba;Zweigspitzen werden medizinisch verwendet
Hypericum perforatum;Zweigspitzen werden medizinisch verwendet
Juniperus sabina;Zweigspitzen werden medizinisch verwendet
Picea abies;Zweigspitzen werden medizinisch verwendet
Pinus mugo;Zweigspitzen werden medizinisch verwendet
Allium;Zwiebeln werden als Gewürz verwendet
Allium;Zwiebeln werden als Nahrungsmittel verwendet
