TAXON;Text
Cetraria islandica;in der subalpinen Stufe
Cetraria islandica;in der alpinen Stufe
Cetraria islandica;an sauren Standorten
Cetraria islandica;auf Kuppen und Graten
Cetraria islandica;in Nadelwäldern
Cetraria islandica;in Zwergstrauchgesellschaften
Cetraria islandica;Säurezeiger
Cladonia rangiferina;Säurezeiger
Cladonia rangiferina;in der subalpinen Stufe
Cladonia rangiferina;in der alpinen Stufe
Cladonia rangiferina;an sauren Standorten
Cladonia rangiferina;auf Kuppen und Graten
Cladonia rangiferina;in Nadelwäldern
Cladonia rangiferina;in Zwergstrauchgesellschaften
Rhizocarpon geographicum;in der alpinen Stufe
Rhizocarpon geographicum;an sauren Standorten
Rhizocarpon geographicum;an Felsen
Usnea scabrata;in der subalpinen Stufe
Usnea scabrata;in Nadelwäldern
Usnea scabrata;auf Bäumen
Bryophyta;in Mooren
Bryophyta;in Wäldern
Sphagnidae;in Hochmooren
Sphagnidae;an nährstoffarmen Stellen
Sphagnidae;Säurezeiger
Lycopodiaceae;in Zwergstrauchgesellschaften
Lycopodiaceae;in Nadelwäldern
Huperzia selago;in der subalpinen Stufe
Huperzia selago;in der alpinen Stufe
Lycopodium annotinum;in der subalpinen Stufe
Lycopodium annotinum;Säurezeiger
Selaginella selaginoides;in der subalpinen Stufe
Selaginella selaginoides;in der alpinen Stufe
Selaginella selaginoides;in Zwergstrauchgesellschaften
Selaginella selaginoides;in Rasen
Equisetum arvense;in Äckern
Equisetum arvense;auf Ruderalstellen
Equisetum arvense;in lichten Wäldern
Equisetum arvense;an Wegrändern
Equisetum hyemale;an Bach- oder Flussufern
Equisetum hyemale;in Auenwäldern
Equisetum hyemale;in Schluchtwäldern
Equisetum sylvaticum;in Wäldern
Equisetum sylvaticum;in Hochstaudenfluren
Equisetum telmateia;in Wäldern
Botrychium lunaria;in Weiden
Botrychium lunaria;in Wiesen
Asplenium ruta-muraria;an Felsen
Asplenium ruta-muraria;an Mauern
Asplenium trichomanes;an Felsen
Asplenium trichomanes;an Mauern
Asplenium viride;an Felsen
Asplenium viride;an Mauern
Phyllitis scolopendrium;in Laubwäldern
Phyllitis scolopendrium;in Schluchtwäldern
Phyllitis scolopendrium;an basischen Standorten
Blechnum spicant;an sauren Standorten
Blechnum spicant;in Wäldern
Athyrium filix-femina;in Hochstaudenfluren
Athyrium filix-femina;in Wäldern
Cystopteris fragilis;an Felsen
Cystopteris fragilis;an Mauern
Dryopteris filix-mas;in Hochstaudenfluren
Dryopteris filix-mas;in Wäldern
Polypodium vulgare;an feuchten Stellen
Polypodium vulgare;an Felsen
Polypodium vulgare;in schattigen Lagen
Pteridium aquilinum;an sauren Standorten
Ginkgo biloba;nur (oder v.a.) kultiviert
Abies alba;in der montanen Stufe
Abies alba;in Buchenwäldern
Abies alba;in Nadelwäldern
Larix decidua;in Nadelwäldern
Larix decidua;in der subalpinen Stufe
Larix decidua;in Lärchen-Arvenwäldern
Larix decidua;in den Zentralalpen
Picea abies;in der montanen Stufe
Picea abies;in der subalpinen Stufe
Picea abies;in Nadelwäldern
Pinus cembra;in Nadelwäldern
Pinus cembra;in der subalpinen Stufe
Pinus cembra;in Lärchen-Arvenwäldern
Pinus cembra;in den Zentralalpen
Pinus mugo;in Nadelwäldern
Pinus mugo;in der subalpinen Stufe
Pinus sylvestris;in Nadelwäldern
Pinus sylvestris;in der kollinen Stufe
Pinus sylvestris;in der montanen Stufe
Juniperus communis;in der kollinen Stufe
Juniperus communis;in der montanen Stufe
Juniperus communis;in warmen Lagen
Juniperus nana;in Weiden
Juniperus nana;in Zwergstrauchgesellschaften
Juniperus nana;in Nadelwäldern
Juniperus nana;in der subalpinen Stufe
Juniperus nana;in der alpinen Stufe
Juniperus sabina;in Felsensteppen
Juniperus sabina;in heissen Lagen
Juniperus sabina;an trockenen Stellen
Juniperus sabina;in den Zentralalpen
Taxus baccata;in Schluchtwäldern
Taxus baccata;an feuchten Stellen
Taxus baccata;in schattigen Lagen
Nuphar lutea;in Schwimmblattgesellschaften
Nymphaea alba;in Schwimmblattgesellschaften
Berberis vulgaris;in Gebüschen
Berberis vulgaris;in Hecken
Berberis vulgaris;in warmen Lagen
Aconitum napellus;in Hochstaudenfluren
Aconitum napellus;an Lägerstellen
Aconitum napellus;Stickstoffzeiger
Aconitum vulparia;in Hochstaudenfluren
Aconitum vulparia;in Wäldern
Consolida regalis;in der kollinen Stufe
Consolida regalis;in Äckern
Consolida regalis;auf Ruderalstellen
Trollius europaeus;an feuchten Stellen
Trollius europaeus;in der montanen Stufe
Trollius europaeus;in der subalpinen Stufe
Trollius europaeus;in Fettwiesen
Helleborus foetidus;in Gebüschen
Helleborus foetidus;in Wäldern
Aquilegia vulgaris;in Gebüschen
Aquilegia vulgaris;in lichten Wäldern
Ranunculus bulbosus;in Trockenwiesen
Ranunculus ficaria;an feuchten Stellen
Ranunculus ficaria;in Laubwäldern
Ranunculus ficaria;in Hecken
Ranunculus friesianus;in Fettwiesen
Ranunculus montanus;in Weiden
Ranunculus montanus;in Wiesen
Ranunculus montanus;in der subalpinen Stufe
Ranunculus montanus;in lichten Wäldern
Ranunculus montanus;in der alpinen Stufe
Ranunculus repens;in Weiden
Ranunculus repens;auf Ruderalstellen
Ranunculus repens;an Wegrändern
Ranunculus aconitifolius;in Nasswiesen
Ranunculus aconitifolius;an Bach- oder Flussufern
Ranunculus alpestris;in der subalpinen Stufe
Ranunculus alpestris;in der alpinen Stufe
Ranunculus alpestris;Basenzeiger
Ranunculus glacialis;in Schutthalden
Ranunculus glacialis;in der alpinen Stufe
Ranunculus glacialis;Säurezeiger
Ranunculus kuepferi;an sauren Standorten
Ranunculus kuepferi;in der alpinen Stufe
Ranunculus kuepferi;in Weiden
Ranunculus kuepferi;in Rasen
Caltha palustris;in Nasswiesen
Caltha palustris;an Bach- oder Flussufern
Clematis vitalba;in Auenwäldern
Clematis vitalba;an Waldrändern
Clematis vitalba;in Gebüschen
Clematis vitalba;in Hecken
Anemone nemorosa;in Laubwäldern
Pulsatilla alpina;in Weiden
Pulsatilla alpina;in der subalpinen Stufe
Pulsatilla alpina;in der alpinen Stufe
Pulsatilla alpina;Basenzeiger
Pulsatilla apiifolia;Säurezeiger
Pulsatilla apiifolia;in der subalpinen Stufe
Pulsatilla apiifolia;in der alpinen Stufe
Pulsatilla vernalis;in Weiden
Pulsatilla vernalis;in Zwergstrauchgesellschaften
Pulsatilla vernalis;in Rasen
Pulsatilla vernalis;in der subalpinen Stufe
Pulsatilla vernalis;in der alpinen Stufe
Pulsatilla vernalis;Säurezeiger
Adonis aestivalis;in der kollinen Stufe
Adonis aestivalis;in Äckern
Chelidonium majus;in Hecken
Chelidonium majus;auf Ruderalstellen
Papaver rhoeas;auf Ruderalstellen
Papaver rhoeas;in Äckern
Amaranthus retroflexus;auf Ruderalstellen
Amaranthus retroflexus;in Äckern
Amaranthus retroflexus;an Wegrändern
Cerastium holosteoides;in Äckern
Cerastium holosteoides;an Wegrändern
Cerastium holosteoides;in Fettwiesen
Cerastium strictum;auf steinigen Böden
Cerastium strictum;in Wiesen
Cerastium strictum;in Schutthalden
Stellaria media;auf Ruderalstellen
Stellaria media;in Äckern
Stellaria media;in Gärten
Stellaria nemorum;in Quellfluren
Stellaria nemorum;in Hochstaudenfluren
Arenaria biflora;in Schneetälchengesellschaften
Arenaria biflora;in der alpinen Stufe
Arenaria biflora;an sauren Standorten
Arenaria serpyllifolia;auf Ruderalstellen
Arenaria serpyllifolia;in Äckern
Minuartia sedoides;in der alpinen Stufe
Minuartia sedoides;an sauren Standorten
Minuartia sedoides;in Rasen
Minuartia sedoides;in Schutthalden
Minuartia verna;in Rasen
Minuartia verna;in der alpinen Stufe
Herniaria glabra;an Wegrändern
Herniaria glabra;auf Ruderalstellen
Spergularia rubra;auf Ruderalstellen
Spergularia rubra;in Trittgesellschaften
Spergularia rubra;in Äckern
Spergularia rubra;auf Feldwegen
Dianthus carthusianorum;in Rasen
Dianthus carthusianorum;an Felsen
Dianthus carthusianorum;in lichten Wäldern
Dianthus carthusianorum;an trockenen Stellen
Dianthus carthusianorum;in warmen Lagen
Dianthus superbus;in Wiesen
Dianthus superbus;in der subalpinen Stufe
Dianthus sylvestris;auf steinigen Böden
Dianthus sylvestris;an Felsen
Dianthus sylvestris;an trockenen Stellen
Dianthus sylvestris;in warmen Lagen
Gypsophila repens;Basenzeiger
Gypsophila repens;in der subalpinen Stufe
Gypsophila repens;in der alpinen Stufe
Gypsophila repens;auf steinigen Böden
Gypsophila repens;an Felsen
Gypsophila repens;in Schutthalden
Saponaria ocymoides;in Schutthalden
Saponaria ocymoides;in warmen Lagen
Saponaria ocymoides;auf steinigen Böden
Saponaria officinalis;in Hecken
Saponaria officinalis;auf Ruderalstellen
Saponaria officinalis;in der kollinen Stufe
Silene acaulis;in Schutthalden
Silene acaulis;in der alpinen Stufe
Silene acaulis;in Rasen
Silene nutans;in Trockenwiesen
Silene rupestris;an Felsen
Silene rupestris;in Rasen
Silene vulgaris;an Wegrändern
Silene vulgaris;auf Ruderalstellen
Silene vulgaris;in Gebüschen
Silene vulgaris;in Wiesen
Silene dioica;an feuchten Stellen
Silene dioica;in Hochstaudenfluren
Silene dioica;in Fettwiesen
Silene flos-cuculi;an feuchten Stellen
Silene flos-cuculi;in Fettwiesen
Silene flos-cuculi;in Flachmooren
Silene flos-cuculi;in Streuwiesen
Silene latifolia;auf Ruderalstellen
Silene latifolia;in Hecken
Beta vulgaris;nur (oder v.a.) kultiviert
Chenopodium album;in Äckern
Chenopodium album;an Wegrändern
Chenopodium album;auf Ruderalstellen
Chenopodium bonus-henricus;Stickstoffzeiger
Chenopodium bonus-henricus;an Wegrändern
Chenopodium bonus-henricus;auf Ruderalstellen
Chenopodium bonus-henricus;an Lägerstellen
Oxyria digyna;in der alpinen Stufe
Oxyria digyna;an sauren Standorten
Oxyria digyna;in Schutthalden
Polygonum aviculare;auf Ruderalstellen
Polygonum aviculare;in Äckern
Polygonum aviculare;in Trittgesellschaften
Polygonum persicaria;auf Ruderalstellen
Polygonum persicaria;in Äckern
Polygonum bistorta;in der montanen Stufe
Polygonum bistorta;in der subalpinen Stufe
Polygonum bistorta;an feuchten Stellen
Polygonum bistorta;in Fettwiesen
Polygonum viviparum;in Rasen
Polygonum viviparum;in Weiden
Polygonum viviparum;in der subalpinen Stufe
Polygonum viviparum;in der alpinen Stufe
Reynoutria japonica;an Bach- oder Flussufern
Reynoutria japonica;auf Ruderalstellen
Reynoutria japonica;in Hecken
Rumex acetosa;in Fettwiesen
Rumex alpinus;an feuchten Stellen
Rumex alpinus;in der subalpinen Stufe
Rumex alpinus;in der alpinen Stufe
Rumex alpinus;an Lägerstellen
Rumex alpinus;Stickstoffzeiger
Rumex obtusifolius;in der kollinen Stufe
Rumex obtusifolius;in der montanen Stufe
Rumex obtusifolius;in Fettwiesen
Rumex obtusifolius;auf Ruderalstellen
Rumex scutatus;in Schutthalden
Alnus glutinosa;in Weichholz-Auenwäldern
Alnus glutinosa;in Bruchwäldern
Alnus glutinosa;in der kollinen Stufe
Alnus incana;in der montanen Stufe
Alnus incana;in Weichholz-Auenwäldern
Alnus incana;an Bach- oder Flussufern
Alnus viridis;in Gebüschen
Alnus viridis;in Lawinenrunsen
Alnus viridis;in schattigen Lagen
Alnus viridis;an feuchten Stellen
Alnus viridis;in der subalpinen Stufe
Betula pendula;in Wäldern
Betula pubescens;in Mooren
Carpinus betulus;in der kollinen Stufe
Carpinus betulus;in Laubwäldern
Corylus avellana;in der kollinen Stufe
Corylus avellana;in der montanen Stufe
Corylus avellana;in Laubwäldern
Corylus avellana;an Waldrändern
Corylus avellana;in Hecken
Castanea sativa;auf der Alpensüdseite
Castanea sativa;in Laubwäldern
Castanea sativa;in der kollinen Stufe
Fagus sylvatica;in der kollinen Stufe
Fagus sylvatica;in der montanen Stufe
Fagus sylvatica;in Laubwäldern
Quercus;in der kollinen Stufe
Quercus;in Laubwäldern
Quercus petraea;auf der Alpensüdseite
Quercus petraea;auf der Alpennordseite
Quercus pubescens;in den Zentralalpen
Quercus pubescens;auf der Alpensüdseite
Quercus robur;auf der Alpensüdseite
Quercus robur;auf der Alpennordseite
Juglans regia;nur (oder v.a.) kultiviert
Juglans regia;in der kollinen Stufe
Juglans regia;in der montanen Stufe
Juglans regia;in Laubwäldern
Juglans regia;in warmen Lagen
Cannabis sativa;in Gärten
Cannabis sativa;auf Ruderalstellen
Cannabis sativa;in der kollinen Stufe
Humulus lupulus;in Gebüschen
Humulus lupulus;in Hecken
Humulus lupulus;in der kollinen Stufe
Ulmus glabra;in der montanen Stufe
Ulmus glabra;in Schluchtwäldern
Ulmus glabra;in Hartholz-Auenwäldern
Urtica dioica;an feuchten Stellen
Urtica dioica;Stickstoffzeiger
Crassulaceae;in heissen Lagen
Crassulaceae;an trockenen Stellen
Sedum acre;an Felsen
Sedum acre;an Mauern
Sedum album;an Felsen
Sedum album;an Mauern
Sedum atratum;in Rasen
Sedum atratum;an Felsen
Sedum atratum;in Schutthalden
Sedum atratum;in der subalpinen Stufe
Sedum atratum;in der alpinen Stufe
Sedum atratum;an basischen Standorten
Sempervivum arachnoideum;in Schutthalden
Sempervivum arachnoideum;an Felsen
Sempervivum arachnoideum;an Mauern
Sempervivum montanum;an Felsen
Sempervivum montanum;an Mauern
Sempervivum montanum;in Schutthalden
Sempervivum montanum;in Rasen
Ribes petraeum;in Schutthalden
Ribes petraeum;in Wäldern
Ribes petraeum;in Gebüschen
Ribes petraeum;in der subalpinen Stufe
Parnassia palustris;an feuchten Stellen
Chrysosplenium alternifolium;in Wäldern
Chrysosplenium alternifolium;in Hochstaudenfluren
Chrysosplenium alternifolium;in schattigen Lagen
Chrysosplenium alternifolium;an feuchten Stellen
Saxifraga aizoides;an Bach- oder Flussufern
Saxifraga aizoides;in Quellfluren
Saxifraga androsacea;in der alpinen Stufe
Saxifraga androsacea;an basischen Standorten
Saxifraga androsacea;in Schneetälchengesellschaften
Saxifraga bryoides;an sauren Standorten
Saxifraga bryoides;in der subalpinen Stufe
Saxifraga bryoides;in der alpinen Stufe
Saxifraga bryoides;an Felsen
Saxifraga bryoides;in Schutthalden
Saxifraga caesia;Basenzeiger
Saxifraga caesia;in der subalpinen Stufe
Saxifraga caesia;in der alpinen Stufe
Saxifraga caesia;an Felsen
Saxifraga caesia;in Schutthalden
Saxifraga oppositifolia;in Schutthalden
Saxifraga oppositifolia;in der alpinen Stufe
Saxifraga paniculata;auf steinigen Böden
Saxifraga paniculata;an Felsen
Saxifraga rotundifolia;an Bach- oder Flussufern
Saxifraga rotundifolia;in Hochstaudenfluren
Saxifraga stellaris;an feuchten Stellen
Saxifraga stellaris;an Felsen
Saxifraga stellaris;in Quellfluren
Dryas octopetala;in Rasen
Dryas octopetala;in Schutthalden
Dryas octopetala;auf steinigen Böden
Dryas octopetala;Basenzeiger
Dryas octopetala;in der subalpinen Stufe
Dryas octopetala;in der alpinen Stufe
Geum montanum;in der subalpinen Stufe
Geum montanum;in der alpinen Stufe
Geum montanum;in Weiden
Geum montanum;in Rasen
Geum montanum;an sauren Standorten
Geum rivale;in Nasswiesen
Geum rivale;an Bach- oder Flussufern
Geum urbanum;in Hecken
Geum urbanum;auf Ruderalstellen
Filipendula ulmaria;in Wiesen
Filipendula ulmaria;in Gräben
Filipendula ulmaria;an feuchten Stellen
Filipendula ulmaria;an nährstoffreichen Stellen
Potentilla anserina;an Wegrändern
Potentilla anserina;auf Ruderalstellen
Potentilla aurea;an sauren Standorten
Potentilla aurea;in der subalpinen Stufe
Potentilla aurea;in der alpinen Stufe
Potentilla aurea;in Weiden
Potentilla aurea;in Wiesen
Potentilla crantzii;in Weiden
Potentilla crantzii;in Wiesen
Potentilla crantzii;in der subalpinen Stufe
Potentilla crantzii;in der alpinen Stufe
Potentilla crantzii;an basischen Standorten
Potentilla erecta;in Wiesen
Potentilla erecta;in Flachmooren
Potentilla reptans;an Wegrändern
Potentilla reptans;auf Ruderalstellen
Potentilla sterilis;an Waldrändern
Potentilla sterilis;in der kollinen Stufe
Potentilla sterilis;an Böschungen
Sibbaldia procumbens;in Schneetälchengesellschaften
Sibbaldia procumbens;an sauren Standorten
Sibbaldia procumbens;in der alpinen Stufe
Alchemilla conjuncta;in Schutthalden
Alchemilla conjuncta;in Rasen
Alchemilla vulgaris;in Weiden
Alchemilla vulgaris;in Wiesen
Alchemilla vulgaris;in Hochstaudenfluren
Sanguisorba minor;in Trockenwiesen
Fragaria vesca;in lichten Wäldern
Fragaria vesca;an Waldrändern
Rosa canina;in Hecken
Rosa canina;an Waldrändern
Rubus fruticosus;in Gebüschen
Rubus fruticosus;in lichten Wäldern
Rubus fruticosus;auf Ruderalstellen
Rubus fruticosus;in Waldschlägen
Rubus fruticosus;an Waldrändern
Rubus idaeus;an Waldrändern
Rubus idaeus;in Waldschlägen
Rubus idaeus;auf Ruderalstellen
Cotoneaster integerrima;in warmen Lagen
Cotoneaster integerrima;an Felsen
Cotoneaster integerrima;in Schutthalden
Cotoneaster integerrima;in lichten Wäldern
Crataegus monogyna;an Waldrändern
Crataegus monogyna;in Hecken
Amelanchier ovalis;in lichten Wäldern
Amelanchier ovalis;in warmen Lagen
Amelanchier ovalis;an Felsen
Malus sylvestris;in der kollinen Stufe
Malus sylvestris;in der montanen Stufe
Malus sylvestris;an trockenen Stellen
Malus sylvestris;in Wäldern
Pyrus pyraster;in Wäldern
Pyrus pyraster;an trockenen Stellen
Pyrus pyraster;in der kollinen Stufe
Pyrus pyraster;in der montanen Stufe
Sorbus aria;in Wäldern
Sorbus aria;in warmen Lagen
Sorbus aria;in der montanen Stufe
Sorbus aucuparia;in Wäldern
Sorbus aucuparia;in der montanen Stufe
Sorbus aucuparia;in der subalpinen Stufe
Sorbus torminalis;in der kollinen Stufe
Sorbus torminalis;in Wäldern
Prunus avium;an Waldrändern
Prunus avium;in der kollinen Stufe
Prunus avium;in Wäldern
Prunus padus;an Waldrändern
Prunus padus;in der kollinen Stufe
Prunus padus;in Wäldern
Prunus padus;in der montanen Stufe
Prunus spinosa;an Waldrändern
Prunus spinosa;in der kollinen Stufe
Prunus spinosa;in Hecken
Prunus spinosa;in der montanen Stufe
Medicago falcata;in Trockenwiesen
Medicago falcata;an Wegrändern
Medicago falcata;in warmen Lagen
Medicago lupulina;auf Ruderalstellen
Medicago lupulina;in Wiesen
Medicago sativa;in Trockenwiesen
Medicago sativa;an Wegrändern
Melilotus albus;auf Ruderalstellen
Melilotus officinalis;auf Ruderalstellen
Trifolium alpinum;in Rasen
Trifolium alpinum;in Weiden
Trifolium alpinum;an sauren Standorten
Trifolium alpinum;in der subalpinen Stufe
Trifolium alpinum;in der alpinen Stufe
Trifolium pratense;in Fettwiesen
Trifolium badium;in der subalpinen Stufe
Trifolium badium;in der alpinen Stufe
Trifolium badium;in Weiden
Trifolium badium;in Fettwiesen
Trifolium dubium;in Zierrasen
Trifolium dubium;in Wiesen
Trifolium dubium;auf Ruderalstellen
Trifolium dubium;an Wegrändern
Trifolium dubium;in der kollinen Stufe
Trifolium montanum;in Trockenwiesen
Trifolium repens;in Weiden
Trifolium repens;auf Ruderalstellen
Trifolium repens;an Wegrändern
Trifolium repens;in Fettwiesen
Lotus corniculatus;in Weiden
Lotus corniculatus;auf Ruderalstellen
Lotus corniculatus;in Wiesen
Lathyrus pratensis;in Gebüschen
Lathyrus pratensis;in Wiesen
Lathyrus vernus;in Wäldern
Vicia cracca;an Waldrändern
Vicia cracca;in Hecken
Vicia cracca;auf Ruderalstellen
Vicia cracca;in Wiesen
Vicia sativa;an Wegrändern
Vicia sativa;in Äckern
Vicia sativa;auf Ruderalstellen
Vicia sepium;in Fettwiesen
Vicia sepium;in Hecken
Vicia sepium;in Wäldern
Anthyllis vulneraria;in Trockenwiesen
Anthyllis vulneraria;in Gebüschen
Astragalus alpinus;an basischen Standorten
Astragalus alpinus;in der subalpinen Stufe
Astragalus alpinus;in der alpinen Stufe
Astragalus alpinus;in Weiden
Astragalus alpinus;in Wiesen
Astragalus frigidus;an basischen Standorten
Astragalus frigidus;in der subalpinen Stufe
Astragalus frigidus;in der alpinen Stufe
Astragalus frigidus;in Weiden
Astragalus frigidus;in Wiesen
Hedysarum hedysaroides;in der subalpinen Stufe
Hedysarum hedysaroides;in der alpinen Stufe
Hedysarum hedysaroides;in Weiden
Hedysarum hedysaroides;in Wiesen
Hedysarum hedysaroides;in Zwergstrauchgesellschaften
Hippocrepis comosa;in Trockenwiesen
Hippocrepis comosa;auf steinigen Böden
Onobrychis viciifolia;an basischen Standorten
Onobrychis viciifolia;in Trockenwiesen
Onobrychis viciifolia;an Böschungen
Oxytropis campestris;an basischen Standorten
Oxytropis campestris;in der alpinen Stufe
Oxytropis campestris;in Weiden
Oxytropis campestris;in Wiesen
Robinia pseudoacacia;in Wiesen
Robinia pseudoacacia;in der kollinen Stufe
Robinia pseudoacacia;auf Ruderalstellen
Robinia pseudoacacia;in lichten Wäldern
Circaea lutetiana;in Gebüschen
Circaea lutetiana;in Wäldern
Epilobium angustifolium;an Bach- oder Flussufern
Epilobium angustifolium;in Waldschlägen
Epilobium angustifolium;in Gebüschen
Epilobium angustifolium;auf Ruderalstellen
Epilobium montanum;auf Ruderalstellen
Epilobium montanum;in Wäldern
Epilobium montanum;in Gärten
Epilobium montanum;in Hecken
Oenothera biennis;an Böschungen
Oenothera biennis;in der kollinen Stufe
Oenothera biennis;auf Ruderalstellen
Acer campestre;an Waldrändern
Acer campestre;in Hecken
Acer campestre;in der kollinen Stufe
Acer platanoides;in der kollinen Stufe
Acer platanoides;in Hartholz-Auenwäldern
Acer platanoides;in Laubwäldern
Acer pseudoplatanus;in Hartholz-Auenwäldern
Acer pseudoplatanus;in Laubwäldern
Acer pseudoplatanus;in der montanen Stufe
Impatiens glandulifera;in Auenwäldern
Impatiens glandulifera;an Bach- oder Flussufern
Impatiens glandulifera;in der kollinen Stufe
Impatiens noli-tangere;in Wäldern
Impatiens noli-tangere;an feuchten Stellen
Impatiens parviflora;in Laubwäldern
Impatiens parviflora;in Hecken
Erodium cicutarium;auf Ruderalstellen
Erodium cicutarium;an Wegrändern
Erodium cicutarium;in Äckern
Geranium pyrenaicum;in Wiesen
Geranium pyrenaicum;auf Ruderalstellen
Geranium pyrenaicum;an Wegrändern
Geranium robertianum;in Wäldern
Geranium robertianum;auf Ruderalstellen
Geranium robertianum;in Bahnarealen
Geranium rotundifolium;in Weinbergen
Geranium rotundifolium;an Mauern
Geranium rotundifolium;auf Ruderalstellen
Geranium rotundifolium;an Wegrändern
Geranium sanguineum;in Gebüschen
Geranium sanguineum;in lichten Wäldern
Geranium sanguineum;auf steinigen Böden
Geranium sanguineum;in warmen Lagen
Geranium sylvaticum;in lichten Wäldern
Geranium sylvaticum;in Fettwiesen
Geranium sylvaticum;in Hochstaudenfluren
Geranium sylvaticum;in der montanen Stufe
Geranium sylvaticum;in der subalpinen Stufe
Linum catharticum;an feuchten Stellen
Linum catharticum;an trockenen Stellen
Linum catharticum;in Wiesen
Oxalis acetosella;in Wäldern
Polygala chamaebuxus;in Nadelwäldern
Polygala chamaebuxus;in Zwergstrauchgesellschaften
Polygala vulgaris;in Wiesen
Polygala vulgaris;in lichten Wäldern
Polygala vulgaris;in Weiden
Euonymus europaea;in Hecken
Euonymus europaea;an Waldrändern
Frangula alnus;in Flachmooren
Frangula alnus;in Hecken
Frangula alnus;an Waldrändern
Rhamnus cathartica;in Flachmooren
Rhamnus cathartica;in Hecken
Rhamnus cathartica;an Waldrändern
Viscum album;auf Bäumen
Viscum album;in der kollinen Stufe
Viscum album;in der montanen Stufe
Euphorbia amygdaloides;an basischen Standorten
Euphorbia amygdaloides;in Buchenwäldern
Euphorbia cyparissias;an Wegrändern
Euphorbia cyparissias;in lichten Wäldern
Euphorbia cyparissias;in Wiesen
Euphorbia helioscopia;in Äckern
Euphorbia helioscopia;in Weinbergen
Euphorbia helioscopia;in Gärten
Mercurialis perennis;an basischen Standorten
Mercurialis perennis;in Laubwäldern
Daphne mezereum;in Schutthalden
Daphne mezereum;in Gebüschen
Daphne mezereum;in Laubwäldern
Daphne striata;in der subalpinen Stufe
Daphne striata;in der alpinen Stufe
Daphne striata;an basischen Standorten
Daphne striata;in Zwergstrauchgesellschaften
Daphne striata;in lichten Wäldern
Daphne striata;in Rasen
Hippophaë rhamnoides;auf steinigen Böden
Hippophaë rhamnoides;an Bach- oder Flussufern
Hippophaë rhamnoides;in Weichholz-Auenwäldern
Hedera helix;an Mauern
Hedera helix;an Felsen
Hedera helix;in Laubwäldern
Carum carvi;in Fettwiesen
Carum carvi;an Wegrändern
Daucus carota;in Wiesen
Daucus carota;an Böschungen
Daucus carota;auf Ruderalstellen
Ligusticum mutellina;in Weiden
Ligusticum mutellina;in Wiesen
Ligusticum mutellina;in der subalpinen Stufe
Ligusticum mutellina;in der alpinen Stufe
Anthriscus sylvestris;in Fettwiesen
Chaerophyllum villarsii;in der subalpinen Stufe
Chaerophyllum villarsii;in der alpinen Stufe
Chaerophyllum villarsii;an Bach- oder Flussufern
Chaerophyllum villarsii;in Fettwiesen
Chaerophyllum villarsii;in Hochstaudenfluren
Aegopodium podagraria;in Auenwäldern
Aegopodium podagraria;in Hecken
Aegopodium podagraria;in Gärten
Aegopodium podagraria;in Waldschlägen
Astrantia major;in Hochstaudenfluren
Astrantia major;in Wäldern
Heracleum mantegazzianum;in Gebüschen
Heracleum mantegazzianum;in Wiesen
Heracleum mantegazzianum;auf Ruderalstellen
Heracleum sphondylium;in Hochstaudenfluren
Heracleum sphondylium;in Fettwiesen
Peucedanum ostruthium;in der subalpinen Stufe
Peucedanum ostruthium;in der alpinen Stufe
Peucedanum ostruthium;an Lägerstellen
Peucedanum ostruthium;in Hochstaudenfluren
Sanicula europaea;in Laubwäldern
Hypericum perforatum;auf Ruderalstellen
Hypericum perforatum;in Gebüschen
Hypericum perforatum;an Waldrändern
Hypericum perforatum;in Trockenwiesen
Drosera rotundifolia;in Hochmooren
Helianthemum ovatum;in warmen Lagen
Helianthemum ovatum;in Gebüschen
Helianthemum ovatum;in Trockenwiesen
Viola biflora;in schattigen Lagen
Viola biflora;an feuchten Stellen
Viola biflora;in Hochstaudenfluren
Viola biflora;an Bach- oder Flussufern
Viola biflora;in der subalpinen Stufe
Viola biflora;in der alpinen Stufe
Viola reichenbachiana;in Wäldern
Viola arvensis;auf Ruderalstellen
Viola arvensis;an Wegrändern
Viola arvensis;in Äckern
Viola calcarata;in der subalpinen Stufe
Viola calcarata;in der alpinen Stufe
Viola calcarata;in Rasen
Viola tricolor;auf Ruderalstellen
Viola tricolor;an Wegrändern
Viola tricolor;in Äckern
Kernera saxatilis;Basenzeiger
Kernera saxatilis;an Felsen
Kernera saxatilis;in Schutthalden
Kernera saxatilis;in der montanen Stufe
Kernera saxatilis;in der subalpinen Stufe
Alliaria petiolata;Stickstoffzeiger
Alliaria petiolata;auf Ruderalstellen
Alliaria petiolata;an Wegrändern
Alliaria petiolata;in Hecken
Arabidopsis thaliana;in Gärten
Arabidopsis thaliana;in Äckern
Arabidopsis thaliana;auf Ruderalstellen
Arabidopsis thaliana;an Wegrändern
Arabis alpina;in Schutthalden
Arabis alpina;in Rasen
Arabis alpina;auf steinigen Böden
Arabis alpina;in der subalpinen Stufe
Arabis alpina;in der alpinen Stufe
Brassica napus;nur (oder v.a.) kultiviert
Brassica oleracea;nur (oder v.a.) kultiviert
Cardamine hirsuta;in Gärten
Cardamine hirsuta;auf Ruderalstellen
Cardamine hirsuta;an Wegrändern
Cardamine hirsuta;in Äckern
Cardamine pratensis;in Fettwiesen
Cardamine pratensis;in Gebüschen
Cardamine resedifolia;in der subalpinen Stufe
Cardamine resedifolia;in der alpinen Stufe
Cardamine resedifolia;in Schutthalden
Cardamine resedifolia;in Rasen
Sinapis arvensis;auf Ruderalstellen
Sinapis arvensis;in Äckern
Biscutella levigata;in Trockenwiesen
Biscutella levigata;in Schutthalden
Biscutella levigata;in der subalpinen Stufe
Biscutella levigata;in der alpinen Stufe
Biscutella levigata;Basenzeiger
Capsella bursa-pastoris;auf Ruderalstellen
Capsella bursa-pastoris;an Wegrändern
Capsella bursa-pastoris;in Äckern
Capsella bursa-pastoris;in Gärten
Hutchinsia alpina;in Schutthalden
Hutchinsia alpina;in der subalpinen Stufe
Hutchinsia alpina;in der alpinen Stufe
Hutchinsia alpina;an basischen Standorten
Hutchinsia alpina;in Schneetälchengesellschaften
Thlaspi arvense;auf Ruderalstellen
Thlaspi arvense;in Äckern
Draba aizoides;in Schutthalden
Draba aizoides;in der subalpinen Stufe
Draba aizoides;in der alpinen Stufe
Draba aizoides;an basischen Standorten
Draba aizoides;in Rasen
Draba aizoides;an Felsen
Lunaria annua;in Gebüschen
Lunaria annua;in der kollinen Stufe
Lunaria annua;auf Ruderalstellen
Populus alba;in der kollinen Stufe
Populus alba;an Bach- oder Flussufern
Populus alba;in Weichholz-Auenwäldern
Populus tremula;in Gebüschen
Populus tremula;in Wäldern
Salix alba;in Bruchwäldern
Salix alba;in der kollinen Stufe
Salix alba;in Weichholz-Auenwäldern
Salix caprea;in Weichholz-Auenwäldern
Salix caprea;an Waldrändern
Salix caprea;in Gebüschen
Salix caprea;auf Ruderalstellen
Salix elaeagnos;an Bach- oder Flussufern
Salix purpurea;an Bach- oder Flussufern
Salix purpurea;in Weichholz-Auenwäldern
Salix herbacea;Säurezeiger
Salix herbacea;in der alpinen Stufe
Salix herbacea;in Schutthalden
Salix herbacea;in Schneetälchengesellschaften
Salix herbacea;in Rasen
Salix reticulata;in der alpinen Stufe
Salix reticulata;in Schutthalden
Salix reticulata;in Schneetälchengesellschaften
Salix reticulata;in Rasen
Salix reticulata;Basenzeiger
Salix retusa;in der alpinen Stufe
Salix retusa;in Schutthalden
Salix retusa;in Schneetälchengesellschaften
Salix retusa;in Rasen
Malva neglecta;Stickstoffzeiger
Malva neglecta;in Weinbergen
Malva neglecta;auf Ruderalstellen
Malva neglecta;in Äckern
Malva sylvestris;auf Ruderalstellen
Malva sylvestris;an Wegrändern
Malva sylvestris;in der kollinen Stufe
Tilia;in der kollinen Stufe
Tilia;in Föhntälern
Tilia;auf der Alpensüdseite
Tilia;in Gebieten mit ausgeglichenem Klima
Tilia;in Laubwäldern
Anagallis arvensis;in Äckern
Anagallis arvensis;in Gärten
Lysimachia nemorum;in Gebüschen
Lysimachia nemorum;in Wäldern
Lysimachia nemorum;an feuchten Stellen
Androsace chamaejasme;Basenzeiger
Androsace chamaejasme;in der subalpinen Stufe
Androsace chamaejasme;in der alpinen Stufe
Androsace chamaejasme;in Rasen
Androsace obtusifolia;in der alpinen Stufe
Androsace obtusifolia;in Rasen
Androsace obtusifolia;Säurezeiger
Androsace alpina;in der alpinen Stufe
Androsace alpina;in Schutthalden
Androsace alpina;an Felsen
Androsace alpina;Säurezeiger
Androsace helvetica;in der alpinen Stufe
Androsace helvetica;an Felsen
Androsace helvetica;Basenzeiger
Androsace vandellii;Säurezeiger
Androsace vandellii;in der alpinen Stufe
Androsace vandellii;an Felsen
Primula auricula;Basenzeiger
Primula auricula;in der subalpinen Stufe
Primula auricula;in der alpinen Stufe
Primula auricula;in Schutthalden
Primula auricula;an Felsen
Primula elatior;in Fettwiesen
Primula elatior;in lichten Wäldern
Primula veris;in Gebüschen
Primula veris;in Trockenwiesen
Primula farinosa;in Nasswiesen
Primula farinosa;in Flachmooren
Primula farinosa;in Quellfluren
Primula farinosa;Basenzeiger
Primula hirsuta;Säurezeiger
Primula hirsuta;in der subalpinen Stufe
Primula hirsuta;in der alpinen Stufe
Primula hirsuta;in Schutthalden
Primula hirsuta;an Felsen
Soldanella alpina;in Schneetälchengesellschaften
Soldanella alpina;in der subalpinen Stufe
Soldanella alpina;in der alpinen Stufe
Ilex aquifolium;in Laubwäldern
Cornus mas;in der kollinen Stufe
Cornus mas;in warmen Lagen
Cornus mas;in lichten Wäldern
Cornus mas;in Gebüschen
Cornus sanguinea;in der kollinen Stufe
Cornus sanguinea;in Hecken
Cornus sanguinea;an Waldrändern
Empetrum hermaphroditum;in der subalpinen Stufe
Empetrum hermaphroditum;in der alpinen Stufe
Empetrum hermaphroditum;in Zwergstrauchgesellschaften
Empetrum hermaphroditum;in Nadelwäldern
Ericaceae;in Nadelwäldern
Ericaceae;in Zwergstrauchgesellschaften
Ericaceae;in Mooren
Arctostaphylos uva-ursi;in Wäldern
Arctostaphylos uva-ursi;in Zwergstrauchgesellschaften
Calluna vulgaris;an nährstoffarmen Stellen
Calluna vulgaris;Säurezeiger
Calluna vulgaris;in Weiden
Calluna vulgaris;in Mooren
Calluna vulgaris;in Wäldern
Calluna vulgaris;in Zwergstrauchgesellschaften
Erica carnea;Basenzeiger
Erica carnea;in Nadelwäldern
Erica carnea;in der montanen Stufe
Erica carnea;in der subalpinen Stufe
Loiseleuria procumbens;auf Kuppen und Graten
Loiseleuria procumbens;Säurezeiger
Loiseleuria procumbens;in der subalpinen Stufe
Loiseleuria procumbens;in der alpinen Stufe
Rhododendron ferrugineum;in der subalpinen Stufe
Rhododendron ferrugineum;in der alpinen Stufe
Rhododendron ferrugineum;in Nadelwäldern
Rhododendron ferrugineum;in Zwergstrauchgesellschaften
Rhododendron ferrugineum;in Weiden
Rhododendron ferrugineum;Säurezeiger
Rhododendron hirsutum;Basenzeiger
Rhododendron hirsutum;in Nadelwäldern
Rhododendron hirsutum;in Zwergstrauchgesellschaften
Rhododendron hirsutum;an Felsen
Rhododendron hirsutum;in der subalpinen Stufe
Rhododendron hirsutum;in der alpinen Stufe
Vaccinium myrtillus;in Wäldern
Vaccinium myrtillus;in Zwergstrauchgesellschaften
Vaccinium myrtillus;Säurezeiger
Vaccinium uliginosum;Säurezeiger
Vaccinium uliginosum;in Wäldern
Vaccinium uliginosum;in Zwergstrauchgesellschaften
Vaccinium uliginosum;in Mooren
Vaccinium vitis-idaea;Säurezeiger
Vaccinium vitis-idaea;in Wäldern
Vaccinium vitis-idaea;in Zwergstrauchgesellschaften
Lonicera alpigena;in der montanen Stufe
Lonicera alpigena;in der subalpinen Stufe
Lonicera alpigena;in Gebüschen
Lonicera alpigena;in Wäldern
Lonicera caerulea;in der subalpinen Stufe
Lonicera caerulea;in Gebüschen
Lonicera caerulea;in Wäldern
Lonicera nigra;in der montanen Stufe
Lonicera nigra;in der subalpinen Stufe
Lonicera nigra;in Wäldern
Lonicera xylosteum;in Wäldern
Lonicera xylosteum;an Waldrändern
Lonicera xylosteum;in Hecken
Lonicera xylosteum;in der kollinen Stufe
Lonicera xylosteum;in der montanen Stufe
Sambucus nigra;in der kollinen Stufe
Sambucus nigra;in der montanen Stufe
Sambucus nigra;in Wäldern
Sambucus nigra;an Waldrändern
Sambucus racemosa;an Waldrändern
Sambucus racemosa;in Gebüschen
Sambucus racemosa;in Wäldern
Sambucus racemosa;in Schutthalden
Sambucus racemosa;in der montanen Stufe
Sambucus racemosa;in der subalpinen Stufe
Viburnum lantana;in Wäldern
Viburnum lantana;an Waldrändern
Viburnum lantana;in Hecken
Viburnum opulus;in Wäldern
Viburnum opulus;an Waldrändern
Viburnum opulus;in Hecken
Knautia arvensis;in Fettwiesen
Knautia arvensis;an Wegrändern
Scabiosa columbaria;in Trockenwiesen
Valeriana montana;an basischen Standorten
Valeriana montana;in Schutthalden
Valeriana montana;in Gebüschen
Valeriana montana;in Rasen
Valeriana officinalis;in Gebüschen
Valeriana officinalis;an Bach- oder Flussufern
Valeriana officinalis;in Hochstaudenfluren
Valeriana officinalis;in Wäldern
Valeriana officinalis;an feuchten Stellen
Valeriana tripteris;in der subalpinen Stufe
Valeriana tripteris;in Schutthalden
Valeriana tripteris;in Gebüschen
Valeriana tripteris;in Rasen
Valerianella locusta;auf Ruderalstellen
Valerianella locusta;in Äckern
Valerianella locusta;in Weinbergen
Valerianella locusta;in der kollinen Stufe
Valerianella locusta;in der montanen Stufe
Fraxinus excelsior;in der kollinen Stufe
Fraxinus excelsior;an feuchten Stellen
Fraxinus excelsior;in Laubwäldern
Fraxinus excelsior;in Hartholz-Auenwäldern
Fraxinus excelsior;an Bach- oder Flussufern
Fraxinus ornus;in der kollinen Stufe
Fraxinus ornus;auf der Alpensüdseite
Fraxinus ornus;in Wäldern
Ligustrum vulgare;in der kollinen Stufe
Ligustrum vulgare;an Waldrändern
Ligustrum vulgare;in Hecken
Vinca minor;in Laubwäldern
Vincetoxicum hirundinaria;in warmen Lagen
Vincetoxicum hirundinaria;auf steinigen Böden
Gentiana acaulis;Säurezeiger
Gentiana acaulis;in der subalpinen Stufe
Gentiana acaulis;in der alpinen Stufe
Gentiana acaulis;in Rasen
Gentiana acaulis;in Weiden
Gentiana clusii;in Rasen
Gentiana clusii;in Weiden
Gentiana clusii;in der subalpinen Stufe
Gentiana clusii;in der alpinen Stufe
Gentiana clusii;Basenzeiger
Gentiana verna;in Schutthalden
Gentiana verna;in Rasen
Gentiana verna;in Weiden
Gentiana lutea;in Weiden
Gentiana lutea;in Wiesen
Gentiana lutea;in der montanen Stufe
Gentiana lutea;in der subalpinen Stufe
Gentiana punctata;in Zwergstrauchgesellschaften
Gentiana punctata;in Weiden
Gentiana punctata;in der subalpinen Stufe
Gentiana punctata;in der alpinen Stufe
Gentiana punctata;Säurezeiger
Gentiana purpurea;in Weiden
Gentiana purpurea;in der subalpinen Stufe
Gentiana purpurea;in Gebüschen
Gentiana campestris;in Weiden
Gentiana campestris;in Wiesen
Gentiana germanica;in Weiden
Gentiana germanica;in Wiesen
Asperula;an basischen Standorten
Asperula;in warmen Lagen
Asperula cynanchica;in Trockenwiesen
Asperula cynanchica;in Weiden
Cruciata laevipes;in Hecken
Cruciata laevipes;an Waldrändern
Galium album;in lichten Wäldern
Galium album;in Fettwiesen
Galium album;in Hecken
Galium anisophyllum;in Weiden
Galium anisophyllum;in Wiesen
Galium anisophyllum;in Schutthalden
Galium anisophyllum;in der subalpinen Stufe
Galium anisophyllum;in der alpinen Stufe
Galium aparine;auf Ruderalstellen
Galium aparine;in Äckern
Galium aparine;in Hecken
Galium aparine;an Waldrändern
Galium aparine;Stickstoffzeiger
Galium odoratum;in Laubwäldern
Galium verum;an Waldrändern
Galium verum;in Wiesen
Calystegia sepium;an Waldrändern
Calystegia sepium;in Hecken
Calystegia sepium;in Auenwäldern
Calystegia sepium;in Gärten
Convolvulus arvensis;auf Ruderalstellen
Convolvulus arvensis;in Weinbergen
Convolvulus arvensis;in Äckern
Cuscuta epithymum;in Wiesen
Cuscuta epithymum;auf Ruderalstellen
Atropa belladonna;an Waldrändern
Atropa belladonna;in Waldschlägen
Datura stramonium;auf Ruderalstellen
Datura stramonium;in der kollinen Stufe
Solanum dulcamara;in Gebüschen
Solanum dulcamara;in Waldschlägen
Solanum dulcamara;in Auenwäldern
Solanum tuberosum;nur (oder v.a.) kultiviert
Echium vulgare;in warmen Lagen
Echium vulgare;auf Ruderalstellen
Echium vulgare;an Wegrändern
Echium vulgare;auf steinigen Böden
Eritrichium nanum;an Felsen
Eritrichium nanum;in Schutthalden
Eritrichium nanum;an sauren Standorten
Eritrichium nanum;in der alpinen Stufe
Myosotis alpestris;in Rasen
Myosotis alpestris;in der subalpinen Stufe
Myosotis alpestris;in der alpinen Stufe
Myosotis arvensis;in Wiesen
Myosotis arvensis;auf Ruderalstellen
Myosotis arvensis;in Äckern
Pulmonaria obscura;in Laubwäldern
Symphytum officinale;an feuchten Stellen
Symphytum officinale;an nährstoffreichen Stellen
Symphytum officinale;in Wiesen
Symphytum officinale;auf Ruderalstellen
Buddleja davidii;an Bach- oder Flussufern
Buddleja davidii;in der kollinen Stufe
Buddleja davidii;auf Ruderalstellen
Globularia cordifolia;in Schutthalden
Globularia cordifolia;an Felsen
Globularia cordifolia;auf steinigen Böden
Globularia cordifolia;Basenzeiger
Pinguicula alpina;in der subalpinen Stufe
Pinguicula alpina;in der alpinen Stufe
Pinguicula alpina;an feuchten Stellen
Pinguicula alpina;in Flachmooren
Pinguicula alpina;an Bach- oder Flussufern
Pinguicula vulgaris;an Bach- oder Flussufern
Pinguicula vulgaris;in Flachmooren
Pinguicula vulgaris;an feuchten Stellen
Orobanche alba;in Trockenwiesen
Plantago alpina;an sauren Standorten
Plantago alpina;in der subalpinen Stufe
Plantago alpina;in der alpinen Stufe
Plantago alpina;in Rasen
Plantago alpina;in Weiden
Plantago atrata;in Rasen
Plantago atrata;in Weiden
Plantago atrata;in der subalpinen Stufe
Plantago atrata;in der alpinen Stufe
Plantago atrata;an basischen Standorten
Plantago lanceolata;an Wegrändern
Plantago lanceolata;in Fettwiesen
Plantago major;an Lägerstellen
Plantago major;in Trittgesellschaften
Plantago major;auf Feldwegen
Plantago media;in Trockenwiesen
Veronica beccabunga;an Bach- oder Flussufern
Veronica beccabunga;in Gräben
Veronica beccabunga;in Quellfluren
Veronica chamaedrys;in Fettwiesen
Veronica chamaedrys;in Hecken
Veronica chamaedrys;in lichten Wäldern
Veronica arvensis;in Äckern
Veronica arvensis;in Weinbergen
Veronica bellidioides;in Rasen
Veronica bellidioides;in Zwergstrauchgesellschaften
Veronica bellidioides;Säurezeiger
Veronica bellidioides;in der alpinen Stufe
Veronica filiformis;in Weiden
Veronica filiformis;in Zierrasen
Veronica fruticans;in der subalpinen Stufe
Veronica fruticans;in der alpinen Stufe
Veronica fruticans;an sauren Standorten
Veronica fruticans;auf steinigen Böden
Veronica fruticans;in Schutthalden
Veronica fruticans;an Felsen
Veronica hederifolia;in Gärten
Veronica hederifolia;auf Ruderalstellen
Veronica hederifolia;in Äckern
Veronica hederifolia;in Weinbergen
Veronica persica;in Gärten
Veronica persica;auf Ruderalstellen
Veronica persica;in Äckern
Veronica persica;in Weinbergen
Chaenorrhinum minus;auf Ruderalstellen
Chaenorrhinum minus;in Äckern
Digitalis grandiflora;in der montanen Stufe
Digitalis grandiflora;in der subalpinen Stufe
Digitalis grandiflora;in Wiesen
Digitalis grandiflora;in lichten Wäldern
Digitalis grandiflora;in Schutthalden
Linaria alpina;an basischen Standorten
Linaria alpina;in der alpinen Stufe
Linaria alpina;in Schutthalden
Linaria alpina;im Bachgeröll
Linaria vulgaris;auf Ruderalstellen
Linaria vulgaris;in Äckern
Linaria vulgaris;an Wegrändern
Bartsia alpina;an basischen Standorten
Bartsia alpina;an feuchten Stellen
Bartsia alpina;in Mooren
Bartsia alpina;in Wiesen
Bartsia alpina;in der subalpinen Stufe
Bartsia alpina;in der alpinen Stufe
Euphrasia rostkoviana;in Weiden
Euphrasia rostkoviana;in Wiesen
Melampyrum pratense;Säurezeiger
Melampyrum pratense;in Wäldern
Melampyrum sylvaticum;in Wäldern
Melampyrum sylvaticum;Säurezeiger
Pedicularis tuberosa;in der subalpinen Stufe
Pedicularis tuberosa;in der alpinen Stufe
Pedicularis tuberosa;in Weiden
Pedicularis tuberosa;in Wiesen
Pedicularis verticillata;in der subalpinen Stufe
Pedicularis verticillata;in der alpinen Stufe
Pedicularis verticillata;in Weiden
Pedicularis verticillata;in Wiesen
Rhinanthus alectorolophus;in Wiesen
Rhinanthus minor;in Wiesen
Rhinanthus minor;in Flachmooren
Verbascum lychnitis;in Trockenwiesen
Verbascum lychnitis;in Gebüschen
Verbascum lychnitis;auf Ruderalstellen
Ajuga pyramidalis;in Weiden
Ajuga pyramidalis;in Wiesen
Ajuga pyramidalis;an nährstoffarmen Stellen
Ajuga pyramidalis;in der subalpinen Stufe
Ajuga pyramidalis;Säurezeiger
Ajuga reptans;in Wiesen
Ajuga reptans;in Wäldern
Ajuga reptans;in Zierrasen
Glechoma hederacea;an Waldrändern
Glechoma hederacea;in Hecken
Glechoma hederacea;in Wiesen
Teucrium montanum;in warmen Lagen
Teucrium montanum;an Felsen
Teucrium montanum;in Schutthalden
Teucrium montanum;in Trockenwiesen
Acinos alpinus;in Trockenwiesen
Acinos alpinus;an Felsen
Acinos alpinus;in der subalpinen Stufe
Acinos alpinus;in der alpinen Stufe
Galeopsis tetrahit;Stickstoffzeiger
Galeopsis tetrahit;an Wegrändern
Galeopsis tetrahit;in Äckern
Galeopsis tetrahit;auf Ruderalstellen
Lamium album;an Lägerstellen
Lamium album;in Gebüschen
Lamium album;in Hecken
Lamium album;Stickstoffzeiger
Lamium maculatum;an Wegrändern
Lamium maculatum;auf Ruderalstellen
Lamium maculatum;in Hecken
Lamium maculatum;in lichten Wäldern
Lamium montanum;in Hecken
Lamium montanum;in Wäldern
Lamium purpureum;auf Ruderalstellen
Lamium purpureum;in Zierrasen
Lamium purpureum;in Äckern
Lamium purpureum;in Gärten
Prunella vulgaris;in Zierrasen
Prunella vulgaris;in Weiden
Prunella vulgaris;in Wiesen
Salvia glutinosa;in Gebüschen
Salvia glutinosa;in der montanen Stufe
Salvia glutinosa;in Hochstaudenfluren
Salvia glutinosa;in Wäldern
Salvia pratensis;in Wiesen
Stachys recta;in Trockenwiesen
Stachys sylvatica;in Wäldern
Origanum vulgare;in warmen Lagen
Origanum vulgare;an Waldrändern
Origanum vulgare;in Gebüschen
Origanum vulgare;in Trockenwiesen
Thymus serpyllum;an trockenen Stellen
Thymus serpyllum;in warmen Lagen
Thymus serpyllum;auf steinigen Böden
Thymus serpyllum;in Wiesen
Thymus serpyllum;in Rasen
Mentha arvensis;in Äckern
Mentha arvensis;in Gärten
Verbena officinalis;an Wegrändern
Verbena officinalis;auf Ruderalstellen
Campanula barbata;in Wäldern
Campanula barbata;in der subalpinen Stufe
Campanula barbata;in der alpinen Stufe
Campanula barbata;in Weiden
Campanula barbata;in lichten Wäldern
Campanula barbata;Säurezeiger
Campanula cochleariifolia;Basenzeiger
Campanula cochleariifolia;in Schutthalden
Campanula cochleariifolia;an Felsen
Campanula cochleariifolia;in der kollinen Stufe
Campanula patula;in der montanen Stufe
Campanula patula;in Fettwiesen
Campanula rhomboidalis;in Fettwiesen
Campanula rhomboidalis;in der montanen Stufe
Campanula rhomboidalis;in der subalpinen Stufe
Campanula rotundifolia;an nährstoffarmen Stellen
Campanula rotundifolia;in Trockenwiesen
Campanula rotundifolia;in der kollinen Stufe
Campanula rotundifolia;in der montanen Stufe
Phyteuma betonicifolium;in der subalpinen Stufe
Phyteuma betonicifolium;in der alpinen Stufe
Phyteuma betonicifolium;in lichten Wäldern
Phyteuma betonicifolium;in Weiden
Phyteuma betonicifolium;in Wiesen
Phyteuma hemisphaericum;in Weiden
Phyteuma hemisphaericum;an Felsen
Phyteuma hemisphaericum;in Rasen
Phyteuma hemisphaericum;in der alpinen Stufe
Phyteuma hemisphaericum;Säurezeiger
Phyteuma orbiculare;in Weiden
Phyteuma orbiculare;in lichten Wäldern
Phyteuma spicatum;in Laubwäldern
Carduus defloratus;auf steinigen Böden
Carduus personata;an Lägerstellen
Carduus personata;in Hochstaudenfluren
Carduus personata;auf Ruderalstellen
Carduus personata;Stickstoffzeiger
Carlina acaulis;an trockenen Stellen
Carlina acaulis;in Rasen
Carlina acaulis;in Weiden
Cirsium arvense;in Äckern
Cirsium arvense;auf Ruderalstellen
Cirsium arvense;in lichten Wäldern
Cirsium oleraceum;in Gräben
Cirsium oleraceum;in Auenwäldern
Cirsium oleraceum;in Fettwiesen
Cirsium oleraceum;in der kollinen Stufe
Cirsium oleraceum;in der montanen Stufe
Cirsium spinosissimum;in der subalpinen Stufe
Cirsium spinosissimum;in der alpinen Stufe
Cirsium spinosissimum;in Weiden
Cirsium spinosissimum;an Lägerstellen
Homogyne alpina;in der subalpinen Stufe
Homogyne alpina;in der alpinen Stufe
Homogyne alpina;in Rasen
Homogyne alpina;in Weiden
Homogyne alpina;in lichten Wäldern
Petasites albus;in Gebüschen
Petasites albus;in Wäldern
Petasites hybridus;in Gebüschen
Petasites hybridus;an Bach- oder Flussufern
Petasites hybridus;im Bachgeröll
Tussilago farfara;an feuchten Stellen
Tussilago farfara;an Wegrändern
Tussilago farfara;in Schutthalden
Tussilago farfara;auf Ruderalstellen
Adenostyles alliariae;in der subalpinen Stufe
Adenostyles alliariae;in Hochstaudenfluren
Antennaria dioica;an trockenen Stellen
Antennaria dioica;in der subalpinen Stufe
Antennaria dioica;in der alpinen Stufe
Antennaria dioica;in Rasen
Artemisia absinthium;in Felsensteppen
Artemisia absinthium;auf Ruderalstellen
Artemisia absinthium;in heissen Lagen
Artemisia absinthium;auf steinigen Böden
Artemisia campestris;in Trockenwiesen
Artemisia vulgaris;auf Ruderalstellen
Artemisia vulgaris;an Wegrändern
Centaurea cyanus;in Äckern
Centaurea jacea;in Fettwiesen
Centaurea montana;in Gebüschen
Centaurea montana;in lichten Wäldern
Centaurea scabiosa;in Trockenwiesen
Eupatorium cannabinum;an nährstoffreichen Stellen
Eupatorium cannabinum;an feuchten Stellen
Gnaphalium supinum;in der alpinen Stufe
Gnaphalium supinum;an sauren Standorten
Gnaphalium supinum;in Schneetälchengesellschaften
Leontopodium alpinum;Basenzeiger
Leontopodium alpinum;in der alpinen Stufe
Leontopodium alpinum;an trockenen Stellen
Leontopodium alpinum;an Felsen
Leontopodium alpinum;in Rasen
Arnica montana;in Rasen
Arnica montana;in Weiden
Arnica montana;an sauren Standorten
Arnica montana;in der subalpinen Stufe
Arnica montana;in der alpinen Stufe
Doronicum clusii;in Schutthalden
Doronicum clusii;in der alpinen Stufe
Doronicum clusii;Säurezeiger
Doronicum grandiflorum;Basenzeiger
Doronicum grandiflorum;in der alpinen Stufe
Doronicum grandiflorum;in Schutthalden
Helianthus annuus;in der kollinen Stufe
Helianthus annuus;auf Ruderalstellen
Helianthus annuus;an Wegrändern
Senecio alpinus;an Lägerstellen
Senecio alpinus;in Weiden
Senecio alpinus;Stickstoffzeiger
Senecio alpinus;in der subalpinen Stufe
Senecio alpinus;an Bach- oder Flussufern
Senecio doronicum;in Wiesen
Senecio doronicum;in Zwergstrauchgesellschaften
Senecio doronicum;in der subalpinen Stufe
Senecio doronicum;in der alpinen Stufe
Senecio incanus;in Schutthalden
Senecio incanus;in Weiden
Senecio incanus;in Wiesen
Senecio incanus;in der alpinen Stufe
Senecio vulgaris;in Äckern
Senecio vulgaris;in Gärten
Senecio vulgaris;auf Ruderalstellen
Solidago gigantea;in Waldschlägen
Solidago gigantea;an Bach- oder Flussufern
Solidago gigantea;auf Ruderalstellen
Solidago virgaurea;in lichten Wäldern
Solidago virgaurea;in Gebüschen
Achillea atrata;Basenzeiger
Achillea atrata;in der alpinen Stufe
Achillea atrata;in Schutthalden
Achillea atrata;auf steinigen Böden
Achillea atrata;in Rasen
Achillea macrophylla;in der subalpinen Stufe
Achillea macrophylla;in Hochstaudenfluren
Achillea macrophylla;in Gebüschen
Achillea millefolium;in Weiden
Achillea millefolium;in Wiesen
Achillea moschata;in der alpinen Stufe
Achillea moschata;in Schutthalden
Achillea moschata;auf steinigen Böden
Achillea moschata;in Rasen
Achillea moschata;Säurezeiger
Aster alpinus;in Rasen
Aster alpinus;in der subalpinen Stufe
Aster alpinus;in der alpinen Stufe
Aster alpinus;an Felsen
Aster alpinus;Basenzeiger
Aster bellidiastrum;in Rasen
Aster bellidiastrum;an Felsen
Aster bellidiastrum;in Schutthalden
Aster bellidiastrum;an feuchten Stellen
Aster bellidiastrum;an basischen Standorten
Bellis perennis;in Zierrasen
Bellis perennis;in Fettwiesen
Erigeron alpinus;in der subalpinen Stufe
Erigeron alpinus;in Weiden
Erigeron alpinus;in Wiesen
Erigeron alpinus;in der alpinen Stufe
Erigeron annuus;auf Ruderalstellen
Erigeron annuus;an Wegrändern
Erigeron annuus;in der kollinen Stufe
Leucanthemopsis alpina;in Rasen
Leucanthemopsis alpina;an sauren Standorten
Leucanthemopsis alpina;in der alpinen Stufe
Leucanthemopsis alpina;in Schutthalden
Leucanthemum vulgare;in Wiesen
Matricaria discoidea;Stickstoffzeiger
Matricaria discoidea;auf Feldwegen
Matricaria discoidea;auf Ruderalstellen
Matricaria discoidea;an Wegrändern
Matricaria discoidea;in Trittgesellschaften
Matricaria recutita;in Äckern
Cichorium intybus;auf Ruderalstellen
Cichorium intybus;an Wegrändern
Prenanthes purpurea;in Hochstaudenfluren
Prenanthes purpurea;in Wäldern
Crepis aurea;in der subalpinen Stufe
Crepis aurea;in der alpinen Stufe
Crepis aurea;in Weiden
Crepis aurea;in Wiesen
Crepis biennis;auf Ruderalstellen
Crepis biennis;in Fettwiesen
Hieracium murorum;in Gebüschen
Hieracium murorum;in Wäldern
Hieracium pilosella;in warmen Lagen
Hieracium pilosella;in Rasen
Hieracium pilosella;in Trockenwiesen
Hieracium villosum;in Weiden
Hieracium villosum;in Wiesen
Hieracium villosum;in der subalpinen Stufe
Hieracium villosum;in der alpinen Stufe
Sonchus oleraceus;in Äckern
Sonchus oleraceus;in Gärten
Sonchus oleraceus;auf Ruderalstellen
Taraxacum officinale;in Fettwiesen
Leontodon helveticus;in Weiden
Leontodon helveticus;in Wiesen
Leontodon helveticus;in der subalpinen Stufe
Leontodon helveticus;in der alpinen Stufe
Leontodon hispidus;in Weiden
Leontodon hispidus;in Wiesen
Tragopogon orientalis;in Fettwiesen
Galanthus nivalis;in Wäldern
Galanthus nivalis;an feuchten Stellen
Galanthus nivalis;in schattigen Lagen
Leucojum vernum;in Obstgärten
Leucojum vernum;in Wäldern
Narcissus poeticus;in Wiesen
Narcissus pseudonarcissus;in Wiesen
Narcissus pseudonarcissus;in lichten Wäldern
Crocus albiflorus;in Weiden
Crocus albiflorus;in Wiesen
Iris pseudacorus;in der kollinen Stufe
Iris pseudacorus;an Bach- oder Flussufern
Iris pseudacorus;in Gräben
Iris pseudacorus;in Röhrichten
Iris sibirica;in Flachmooren
Iris sibirica;in Streuwiesen
Iris sibirica;in der kollinen Stufe
Allium schoenoprasum;in der subalpinen Stufe
Allium schoenoprasum;in der alpinen Stufe
Allium schoenoprasum;in Nasswiesen
Allium schoenoprasum;in Flachmooren
Allium ursinum;an feuchten Stellen
Allium ursinum;in Laubwäldern
Lilium martagon;in Wäldern
Lilium martagon;in Wiesen
Lloydia serotina;in Rasen
Lloydia serotina;in der alpinen Stufe
Lloydia serotina;Säurezeiger
Maianthemum bifolium;in Wäldern
Tofieldia calyculata;in Nasswiesen
Tofieldia calyculata;in Flachmooren
Tulipa sylvestris;in der kollinen Stufe
Tulipa sylvestris;in Weinbergen
Tulipa sylvestris;in Obstgärten
Veratrum lobelianum;in Hochstaudenfluren
Veratrum lobelianum;in Weiden
Colchicum autumnale;an feuchten Stellen
Colchicum autumnale;in Wiesen
Convallaria majalis;in Wäldern
Convallaria majalis;an basischen Standorten
Polygonatum multiflorum;in Laubwäldern
Polygonatum odoratum;in Wiesen
Polygonatum odoratum;in Gebüschen
Polygonatum odoratum;in lichten Wäldern
Polygonatum odoratum;auf steinigen Böden
Polygonatum odoratum;in warmen Lagen
Polygonatum verticillatum;in Laubwäldern
Coeloglossum viride;in Zwergstrauchgesellschaften
Coeloglossum viride;in Rasen
Coeloglossum viride;in der subalpinen Stufe
Coeloglossum viride;in der alpinen Stufe
Dactylorhiza maculata;in Flachmooren
Dactylorhiza maculata;in Wiesen
Dactylorhiza maculata;in lichten Wäldern
Gymnadenia conopsea;in Wiesen
Gymnadenia conopsea;in lichten Wäldern
Nigritella nigra;in Weiden
Nigritella nigra;in Rasen
Nigritella nigra;in der subalpinen Stufe
Nigritella nigra;in der alpinen Stufe
Orchis mascula;in Gebüschen
Orchis mascula;in Wiesen
Orchis mascula;in Weiden
Orchis ustulata;in Trockenwiesen
Cypripedium calceolus;in Wäldern
Cypripedium calceolus;in Gebüschen
Listera ovata;in Wiesen
Listera ovata;in Wäldern
Neottia nidus-avis;in Buchenwäldern
Neottia nidus-avis;in Laubwäldern
Ophrys insectifera;in lichten Wäldern
Ophrys insectifera;in Trockenwiesen
Juncus alpinoarticulatus;an feuchten Stellen
Juncus alpinoarticulatus;in Weiden
Juncus alpinoarticulatus;in Quellfluren
Juncus alpinoarticulatus;in Flachmooren
Juncus trifidus;in Trockenwiesen
Juncus trifidus;an Felsen
Juncus trifidus;in der alpinen Stufe
Juncus trifidus;Säurezeiger
Juncus effusus;in Nasswiesen
Juncus effusus;in Flachmooren
Juncus inflexus;in Flachmooren
Juncus inflexus;in Nasswiesen
Luzula campestris;in Wiesen
Luzula pilosa;in Wäldern
Luzula sylvatica;in Zwergstrauchgesellschaften
Luzula sylvatica;in Wäldern
Eriophorum angustifolium;in Flachmooren
Eriophorum angustifolium;in Nasswiesen
Eriophorum angustifolium;Säurezeiger
Eriophorum latifolium;Basenzeiger
Eriophorum latifolium;in Nasswiesen
Eriophorum latifolium;Säurezeiger
Eriophorum scheuchzeri;an Ufern von Seen und Tümpeln
Eriophorum scheuchzeri;in der alpinen Stufe
Eriophorum scheuchzeri;Säurezeiger
Eriophorum vaginatum;Säurezeiger
Eriophorum vaginatum;in Hochmooren
Schoenus ferrugineus;in Flachmooren
Schoenus ferrugineus;in Nasswiesen
Scirpus sylvaticus;in Flachmooren
Scirpus sylvaticus;in Wäldern
Trichophorum caespitosum;in Mooren
Elyna myosuroides;in Rasen
Elyna myosuroides;an Felsen
Elyna myosuroides;in der subalpinen Stufe
Elyna myosuroides;in der alpinen Stufe
Carex davalliana;Basenzeiger
Carex davalliana;in Nasswiesen
Carex davalliana;in Flachmooren
Carex curvula;Säurezeiger
Carex curvula;in der alpinen Stufe
Carex curvula;in Rasen
Carex spicata;auf Ruderalstellen
Carex spicata;an Wegrändern
Carex echinata;in Mooren
Carex atrata;in der subalpinen Stufe
Carex atrata;in der alpinen Stufe
Carex atrata;in Rasen
Carex parviflora;in der alpinen Stufe
Carex parviflora;in Rasen
Carex parviflora;in Schutthalden
Carex parviflora;an basischen Standorten
Carex parviflora;in Schneetälchengesellschaften
Carex elata;in Flachmooren
Carex nigra;Säurezeiger
Carex nigra;in Mooren
Carex caryophyllea;in Weiden
Carex caryophyllea;in Wiesen
Carex caryophyllea;an trockenen Stellen
Carex digitata;in Wäldern
Carex hirta;an Wegrändern
Carex hirta;in Gräben
Carex hirta;an Böschungen
Carex ferruginea;in Wiesen
Carex ferruginea;Basenzeiger
Carex ferruginea;an feuchten Stellen
Carex ferruginea;in der subalpinen Stufe
Carex ferruginea;in der alpinen Stufe
Carex firma;in der subalpinen Stufe
Carex firma;in der alpinen Stufe
Carex firma;Basenzeiger
Carex firma;an Felsen
Carex firma;in Schutthalden
Carex flacca;in Wiesen
Carex flacca;in Wäldern
Carex flacca;in Flachmooren
Carex flava;in Flachmooren
Carex flava;in Nasswiesen
Carex pallescens;in Weiden
Carex pallescens;in Wiesen
Carex pallescens;in Mooren
Carex panicea;in Wiesen
Carex panicea;in Mooren
Carex panicea;an feuchten Stellen
Carex sempervirens;in Rasen
Carex sempervirens;in der subalpinen Stufe
Carex sempervirens;in der alpinen Stufe
Carex sylvatica;in Wäldern
Typha latifolia;in der kollinen Stufe
Typha latifolia;in Gräben
Typha latifolia;an Ufern von Seen und Tümpeln
Typha latifolia;in Röhrichten
Arrhenatherum elatius;in Fettwiesen
Avena sativa;auf Ruderalstellen
Avena sativa;an Wegrändern
Briza media;in Trockenwiesen
Bromus erectus;Basenzeiger
Bromus erectus;in Trockenwiesen
Bromus hordeaceus;an Wegrändern
Bromus hordeaceus;in Fettwiesen
Bromus sterilis;auf Ruderalstellen
Bromus sterilis;an Wegrändern
Bromus tectorum;auf Ruderalstellen
Bromus tectorum;an Wegrändern
Bromus tectorum;in Bahnarealen
Bromus tectorum;in heissen Lagen
Bromus tectorum;in Felsensteppen
Dactylis glomerata;in Fettwiesen
Deschampsia caespitosa;in Mooren
Deschampsia caespitosa;in lichten Wäldern
Deschampsia caespitosa;an Bach- oder Flussufern
Deschampsia caespitosa;in Nasswiesen
Festuca arundinacea;an feuchten Stellen
Festuca arundinacea;an Bach- oder Flussufern
Festuca arundinacea;in Wiesen
Festuca pratensis;in Fettwiesen
Festuca rubra;in lichten Wäldern
Festuca rubra;in Fettwiesen
Festuca valesiaca;in Felsensteppen
Festuca valesiaca;an trockenen Stellen
Festuca valesiaca;in heissen Lagen
Helictotrichon pubescens;in Fettwiesen
Holcus lanatus;in Fettwiesen
Molinia caerulea;in Flachmooren
Molinia caerulea;in Streuwiesen
Phragmites australis;in Gräben
Phragmites australis;an Ufern von Seen und Tümpeln
Phragmites australis;in Röhrichten
Poa alpina;in der subalpinen Stufe
Poa alpina;in der alpinen Stufe
Poa alpina;in Weiden
Poa alpina;in Wiesen
Poa annua;in Äckern
Poa annua;auf Ruderalstellen
Poa annua;an Wegrändern
Poa annua;in Trittgesellschaften
Poa annua;in Gärten
Poa annua;in Zierrasen
Poa bulbosa;an trockenen Stellen
Poa bulbosa;in Bahnarealen
Poa bulbosa;in Trockenwiesen
Poa bulbosa;an Wegrändern
Poa pratensis;in Weiden
Poa pratensis;an Wegrändern
Poa pratensis;in Fettwiesen
Poa trivialis;in Fettwiesen
Poa trivialis;an Wegrändern
Poa trivialis;in Weiden
Poa trivialis;in lichten Wäldern
Trisetum flavescens;in Fettwiesen
Agrostis stolonifera;an feuchten Stellen
Agrostis stolonifera;in Äckern
Agrostis stolonifera;auf Ruderalstellen
Agrostis stolonifera;in Wiesen
Apera spica-venti;auf Ruderalstellen
Apera spica-venti;in Äckern
Calamagrostis varia;Basenzeiger
Calamagrostis varia;in Nadelwäldern
Milium effusum;in Hochstaudenfluren
Milium effusum;in Wäldern
Agropyron repens;an Wegrändern
Agropyron repens;in Äckern
Brachypodium pinnatum;in Wiesen
Brachypodium pinnatum;in Wäldern
Brachypodium sylvaticum;in Wäldern
Hordeum murinum;auf Ruderalstellen
Hordeum murinum;an Wegrändern
Hordeum vulgare;nur (oder v.a.) kultiviert
Lolium perenne;in der kollinen Stufe
Lolium perenne;in der montanen Stufe
Lolium perenne;in Weiden
Lolium perenne;an Wegrändern
Lolium multiflorum;an Wegrändern
Lolium multiflorum;in der kollinen Stufe
Lolium multiflorum;auf Ruderalstellen
Lolium multiflorum;in Fettwiesen
Nardus stricta;in der subalpinen Stufe
Nardus stricta;in der alpinen Stufe
Nardus stricta;Säurezeiger
Nardus stricta;an nährstoffarmen Stellen
Nardus stricta;in Weiden
Secale cereale;nur (oder v.a.) kultiviert
Triticum aestivum;nur (oder v.a.) kultiviert
Alopecurus pratensis;in Fettwiesen
Anthoxantum odoratum;in Wiesen
Anthoxantum odoratum;in lichten Wäldern
Cynosurus cristatus;in Weiden
Melica nutans;in Wäldern
Phleum pratense;in Fettwiesen
Phleum pratense;auf Ruderalstellen
Sesleria caerulea;Basenzeiger
Sesleria caerulea;an Felsen
Sesleria caerulea;in Schutthalden
Sesleria caerulea;in lichten Wäldern
Sesleria caerulea;in Weiden
Sesleria caerulea;in Trockenwiesen
Stipa pennata;in Trockenwiesen
Stipa pennata;in Felsensteppen
Stipa pennata;in heissen Lagen
Zea mays;nur (oder v.a.) kultiviert
Arum maculatum;in Wäldern
Arum maculatum;in Gebüschen
Arum maculatum;in der kollinen Stufe
Lemna minor;in der kollinen Stufe
Lemna minor;in der montanen Stufe
Lemna minor;in Gewässern
